All Employment-Based I-485 Inventory pending at the Service Centers and the Field Offices as of April 2016,,,,,,,,,,,,,,,,,,,,,,,,
1st Preference,,,,,,,,,,,,,,,,,,,,,,,,
,1997,1998,1999,2000,2001,2002,2003,2004,2005,2006,2007,2008,2009,2010,2011,2012,2013,2014,2015,2016,Total,,,
January,0,0,0,0,1,0,2,4,0,0,2,0,10,7,14,12,64,60,618,"2,147","2,941",,,
February,0,0,0,0,0,2,0,2,0,3,3,1,0,11,4,16,46,91,764,"2,052","2,995",,,
March,0,0,0,0,2,2,0,7,0,7,7,5,3,7,9,37,28,129,906,"1,184","2,333",,,
April,0,0,1,0,1,0,3,2,0,4,15,1,5,3,17,28,59,130,"1,008",18,"1,295",,,
May,1,0,0,0,1,1,2,0,4,0,1,7,0,7,23,28,41,151,"1,440",0,"1,707",,,
June,0,3,0,0,4,0,1,3,1,2,0,0,8,15,5,24,46,151,"1,932",0,"2,195",,,
July,0,0,0,0,0,2,0,4,3,4,1,0,5,16,24,25,39,196,"1,926",0,"2,245",,,
August,0,0,0,0,1,0,2,2,0,0,2,2,2,15,35,39,51,233,"2,011",0,"2,395",,,
September,1,1,0,0,3,1,1,0,1,1,4,9,3,7,21,49,39,296,"2,233",0,"2,670",,,
October,1,0,0,1,1,1,0,0,0,0,1,3,1,3,18,22,111,352,"2,629",0,"3,144",,,
November,2,1,3,0,0,3,2,2,3,5,1,4,7,8,14,25,72,454,"2,504",0,"3,110",,,
December,0,0,0,0,0,1,0,0,2,4,5,2,11,4,21,21,77,562,"2,717",0,"3,427",,,
Grand Total,5,5,4,1,14,13,13,26,14,30,42,34,55,103,205,326,673,"2,805","20,688","5,401","30,457",,,
,,,,,,,,,,,,,,,,,,,,,,,,
2nd Preference,,,,,,,,,,,,,,,,,,,,,,,,
,1997,1998,1999,2000,2001,2002,2003,2004,2005,2006,2007,2008,2009,2010,2011,2012,2013,2014,2015,2016,Total,,,
January,0,1,0,0,1,1,1,1,16,30,24,55,531,"1,117",34,207,317,265,"1,103",286,"3,990",,,
February,0,0,0,0,0,0,0,2,11,38,33,85,493,"1,102",47,213,315,213,"1,211",318,"4,081",,,
March,0,0,0,0,2,0,0,5,43,32,25,83,508,"1,316",62,227,300,286,"1,603",183,"4,675",,,
April,0,0,0,1,0,2,1,1,7,26,9,88,522,"1,292",59,257,271,253,"1,429",0,"4,218",,,
May,0,0,3,0,0,2,2,4,96,18,27,66,"1,412",17,124,256,325,302,"1,285",0,"3,939",,,
June,0,0,0,0,0,1,1,7,70,16,36,80,"1,388",38,217,278,319,569,"1,486",0,"4,506",,,
July,0,0,0,0,0,1,2,5,15,24,60,95,"1,002",20,146,263,273,505,"1,065",0,"3,476",,,
August,1,0,0,0,0,0,4,8,25,23,37,94,852,37,160,302,475,452,682,0,"3,152",,,
September,0,0,0,1,1,0,0,14,29,28,29,137,"1,103",57,154,122,474,542,479,0,"3,170",,,
October,0,1,0,0,0,1,0,8,22,26,35,394,"1,171",39,174,263,324,678,409,0,"3,545",,,
November,0,0,0,0,1,2,0,10,28,30,55,490,"1,032",42,222,220,427,754,319,0,"3,632",,,
December,0,0,0,0,2,0,3,10,27,39,55,637,"1,188",56,179,253,407,"1,166",359,0,"4,381",,,
Total,1,2,3,2,7,10,14,75,389,330,425,"2,304","11,202","5,133","1,578","2,861","4,227","5,985","11,430",787,"46,765",,,
,,,,,,,,,,,,,,,,,,,,,,,,
3rd Preference,,,,,,,,,,,,,,,,,,,,,,,,
,1997,1998,1999,2000,2001,2002,2003,2004,2005,2006,2007,2008,2009,2010,2011,2012,2013,2014,2015,2016,Total,,,
January,0,7,0,2,3,8,24,42,543,480,448,69,89,48,39,59,94,178,469,17,"2,619",,,
February,1,0,1,0,16,4,18,79,503,528,373,89,84,35,37,66,248,186,514,9,"2,791",,,
March,1,0,0,5,24,19,17,86,"2,104",586,417,83,73,45,54,59,123,208,470,0,"4,374",,,
April,1,1,0,0,294,10,33,103,15,535,367,86,79,64,42,78,227,319,545,0,"2,799",,,
May,0,0,0,2,12,17,11,98,57,559,335,84,73,25,49,80,234,365,490,0,"2,491",,,
June,0,0,2,8,13,15,13,87,90,585,322,69,72,43,94,124,255,481,580,0,"2,853",,,
July,1,0,0,2,13,12,24,202,149,667,405,89,93,22,45,103,180,353,406,0,"2,766",,,
August,0,1,5,3,8,15,19,312,285,542,149,90,77,44,46,140,187,598,218,0,"2,739",,,
September,0,0,3,7,363,23,18,262,317,519,37,84,59,85,55,138,185,"1,682",102,0,"3,939",,,
October,3,0,1,9,165,9,24,444,335,601,75,53,60,40,70,183,174,352,111,0,"2,709",,,
November,2,3,1,2,18,9,20,509,399,759,67,60,62,27,84,101,216,346,91,0,"2,776",,,
December,0,0,2,4,3,55,23,831,467,698,52,51,46,55,44,109,389,470,90,0,"3,389",,,
Total,9,12,15,44,932,196,244,"3,055","5,264","7,059","3,047",907,867,533,659,"1,240","2,512","5,538","4,086",26,"36,245",,,
,,,,,,,,,,,,,,,,,,,,,,,,
4th Preference,,,,,,,,,,,,,,,,,,,,,,,,
,1997,1998,1999,2000,2001,2002,2003,2004,2005,2006,2007,2008,2009,2010,2011,2012,2013,2014,2015,2016,Total,,,
January,0,0,0,0,3,0,0,0,0,2,0,0,0,0,2,0,1,5,40,23,76,,,
February,2,0,0,0,0,1,0,0,0,1,0,0,0,3,0,0,0,6,53,47,113,,,
March,0,0,0,0,0,0,1,0,0,0,0,0,0,1,1,8,6,11,69,79,176,,,
April,0,0,0,0,2,0,0,1,0,1,0,0,1,0,1,0,5,13,98,1,123,,,
May,0,0,0,0,3,1,1,0,0,1,0,0,0,2,4,2,1,14,112,0,141,,,
June,0,0,0,0,1,0,0,0,3,0,0,1,0,1,4,2,1,14,70,0,97,,,
July,0,0,0,0,0,0,0,0,0,0,4,0,4,0,2,1,1,12,60,0,84,,,
August,0,0,0,0,0,0,0,0,0,0,0,0,4,1,0,2,4,30,45,0,86,,,
September,0,0,0,1,0,0,0,2,3,0,0,1,0,0,4,2,3,10,24,0,50,,,
October,0,0,0,0,1,0,1,1,0,0,4,0,1,3,6,0,0,16,13,0,46,,,
November,0,0,1,0,0,0,0,0,0,0,1,0,0,0,1,0,3,35,16,0,57,,,
December,0,0,0,0,0,0,0,0,1,7,0,0,0,2,0,2,1,29,38,0,80,,,
Total,2,0,1,1,10,2,3,4,7,12,9,2,10,13,25,19,26,195,638,150,"1,129",,,
,,,,,,,,,,,,,,,,,,,,,,,,
5th Preference,,,,,,,,,,,,,,,,,,,,,,,,
,1997,1998,1999,2000,2001,2002,2003,2004,2005,2006,2007,2008,2009,2010,2011,2012,2013,2014,2015,2016,Total,,,
January,0,0,0,0,0,0,0,0,1,0,0,0,0,0,0,0,0,1,14,66,82,,,
February,0,0,0,0,0,0,0,0,0,0,0,0,0,0,0,0,0,3,37,66,106,,,
March,0,0,0,0,0,0,0,0,0,0,0,0,0,1,0,0,0,0,55,4,60,,,
April,0,0,0,0,0,0,0,0,0,0,0,0,0,2,0,0,0,1,191,0,194,,,
May,0,0,0,0,0,0,0,0,0,0,0,0,0,0,0,1,1,3,6,0,11,,,
June,0,0,0,0,0,0,0,0,0,0,0,0,0,1,0,3,1,0,1,0,6,,,
July,0,0,0,0,0,0,0,0,0,0,0,0,0,0,0,0,1,0,13,0,14,,,
August,0,0,0,0,0,0,0,0,0,0,0,0,0,0,0,0,0,2,3,0,5,,,
September,0,0,0,0,0,0,0,0,0,0,0,0,0,1,0,0,0,2,7,0,10,,,
October,0,0,0,0,0,0,0,0,0,0,0,0,0,0,0,1,1,2,314,0,318,,,
November,0,0,0,0,0,0,0,0,0,0,0,1,0,0,1,0,0,2,545,0,549,,,
December,0,0,0,0,0,0,0,0,0,0,0,0,0,0,0,0,0,6,48,0,54,,,
Total,0,0,0,0,0,0,0,0,1,0,0,1,0,5,1,5,4,22,"1,234",136,"1,409",,,
,,,,,,,,,,,,,,,,,,,,,,,,
OTHER (EW),,,,,,,,,,,,,,,,,,,,,,,,
,1997,1998,1999,2000,2001,2002,2003,2004,2005,2006,2007,2008,2009,2010,2011,2012,2013,2014,2015,2016,Total,,,
January,0,1,0,0,0,2,4,1,1,7,9,10,1,2,2,2,1,29,42,4,118,,,
February,0,0,0,0,0,1,2,9,4,10,8,3,6,1,9,3,7,12,45,0,120,,,
March,0,1,0,0,5,5,9,1,20,13,5,13,3,2,6,7,9,19,74,0,192,,,
April,0,1,0,0,42,4,0,10,0,5,3,13,10,2,2,4,43,40,64,0,243,,,
May,1,0,0,0,1,1,0,13,0,1,7,5,6,5,0,6,9,36,43,0,134,,,
June,0,0,0,0,1,2,2,10,2,0,12,16,8,3,4,4,11,49,72,0,196,,,
July,1,0,0,0,1,1,3,14,0,6,2,5,3,1,1,9,16,22,27,0,112,,,
August,0,0,0,0,1,3,9,5,0,8,12,3,1,0,3,1,24,45,16,0,131,,,
September,0,0,0,0,3,6,8,5,2,6,9,7,5,10,1,4,6,41,12,0,125,,,
October,0,0,0,0,1,5,1,9,4,11,11,4,5,3,0,3,6,30,5,0,98,,,
November,0,0,0,0,1,4,5,2,2,10,7,8,1,5,4,0,16,26,4,0,95,,,
December,1,3,0,0,0,4,1,5,1,17,16,6,3,6,7,14,17,51,10,0,162,,,
Total,3,6,0,0,56,38,44,84,36,94,101,93,52,40,39,57,165,400,414,4,"1,726",,,
,,,,,,,,,,,,,,,,,,,,,,,,
Grand Total,"117,731",,,,,,,,,,,,,,,,,,,,,,,
,,,,,,,,,,,,,,,,,,,,,,,,
,,,,,,,,,,,,,,,,,,,,,,,,
" Employment-Based I-485 Inventory for Individuals Born in All Other Chargeability Except China-Mainland, India, Mexico or The Philippines, as of April 2016",,,,,,,,,,,,,,,,,,,,,,,,
1st Preference,,,,,,,,,,,,,,,,,,,,,,,,
,1997,1998,1999,2000,2001,2002,2003,2004,2005,2006,2007,2008,2009,2010,2011,2012,2013,2014,2015,2016,Total,,,
January,,,,,,,1,1,,,,,2,2,9,5,28,43,243,1115,"1,449",,,
February,,,,,,1,,2,,1,3,1,,5,2,2,17,49,327,1032,"1,442",,,
March,,,,,,2,,2,,5,6,3,,3,4,15,13,75,376,681,"1,185",,,
April,,,1,,1,,3,1,,4,6,1,4,1,5,9,24,47,505,13,625,,,
May,,,,,1,1,2,,4,,,3,,1,7,11,26,51,671,,778,,,
June,,2,,,4,,1,2,1,1,,,1,7,2,2,19,59,1039,,"1,140",,,
July,,,,,,2,,1,3,,1,,2,8,10,14,17,90,1013,,"1,161",,,
August,,,,,1,,2,,,,1,2,2,5,11,13,21,94,1076,,"1,228",,,
September,1,,,,3,,,,1,1,3,8,1,2,6,23,14,154,1226,,"1,443",,,
October,,,,1,1,1,,,,,1,1,,,10,12,55,182,1384,,"1,648",,,
November,,1,2,,,,2,1,2,2,1,4,4,,5,14,41,228,1242,,"1,549",,,
December,,,,,,1,,,,3,4,1,5,,17,9,40,230,1342,,"1,652",,,
Total,1,3,3,1,11,8,11,10,11,17,26,24,21,34,88,129,315,"1,302","10,444","2,841","15,300",,,
,,,,,,,,,,,,,,,,,,,,,,,,
2nd Preference,,,,,,,,,,,,,,,,,,,,,,,,
,1997,1998,1999,2000,2001,2002,2003,2004,2005,2006,2007,2008,2009,2010,2011,2012,2013,2014,2015,2016,Total,,,
January,,,,,,,,,,2,4,5,4,13,4,15,82,240,967,242,"1,578",,,
February,,,,,,,,,,1,1,3,1,12,14,12,66,192,1071,278,"1,651",,,
March,,,,,,,,,3,2,3,4,7,9,27,21,70,250,1479,167,"2,042",,,
April,,,,,,1,,,,1,4,2,10,7,28,17,87,215,1297,,"1,669",,,
May,,,,,,,1,,3,3,,1,11,2,18,29,116,282,1180,,"1,646",,,
June,,,,,,,,,,2,2,2,7,12,24,40,112,513,1368,,"2,082",,,
July,,,,,,1,,2,,2,4,2,4,6,15,21,110,471,977,,"1,615",,,
August,,,,,,,1,2,2,,1,1,4,4,12,31,128,398,652,,"1,236",,,
September,,,,,,,,,1,2,,3,8,20,9,22,160,480,445,,"1,150",,,
October,,1,,,,,,,4,,,3,12,3,17,51,165,612,371,,"1,239",,,
November,,,,,,2,,,,,1,5,8,3,21,35,163,686,311,,"1,235",,,
December,,,,,,,,1,,5,,5,9,20,6,35,225,1044,335,,"1,685",,,
Total,0,1,0,0,0,4,2,5,13,20,20,36,85,111,195,329,"1,484","5,383","10,453",687,"18,828",,,
,,,,,,,,,,,,,,,,,,,,,,,,
3rd Preference,,,,,,,,,,,,,,,,,,,,,,,,
,1997,1998,1999,2000,2001,2002,2003,2004,2005,2006,2007,2008,2009,2010,2011,2012,2013,2014,2015,2016,Total,,,
January,,6,,,1,5,11,12,10,19,16,30,37,13,19,14,27,125,441,17,803,,,
February,1,,1,,10,2,7,20,5,13,14,35,37,17,12,8,55,125,474,9,845,,,
March,,,,,15,6,8,7,28,25,26,23,31,16,21,14,43,162,443,,868,,,
April,1,1,,,197,3,19,10,,23,22,32,34,19,11,3,44,237,514,,"1,170",,,
May,,,,,4,3,3,9,1,19,20,24,28,11,14,6,49,286,453,,930,,,
June,,,,,7,7,6,11,8,22,27,29,29,9,37,38,85,411,514,,"1,240",,,
July,1,,,,4,7,11,13,6,25,33,34,36,5,12,15,60,317,391,,970,,,
August,,,,,3,10,5,16,17,33,37,21,32,15,16,24,85,565,201,,"1,080",,,
September,,,,1,1,9,2,9,16,9,14,24,27,18,12,22,79,"1,646",98,,"1,987",,,
October,3,,,4,2,3,4,4,16,14,36,19,14,19,6,34,100,319,106,,703,,,
November,2,2,1,,6,3,3,8,19,10,19,17,23,2,8,30,118,270,89,,630,,,
December,,,,2,3,42,7,5,14,26,19,22,15,18,9,34,135,434,88,,873,,,
Total,8,9,2,7,253,100,86,124,140,238,283,310,343,162,177,242,880,"4,897","3,812",26,"12,099",,,
,,,,,,,,,,,,,,,,,,,,,,,,
4th Preference,,,,,,,,,,,,,,,,,,,,,,,,
,1997,1998,1999,2000,2001,2002,2003,2004,2005,2006,2007,2008,2009,2010,2011,2012,2013,2014,2015,2016,Total,,,
January,,,,,,,,,,1,,,,,2,,1,5,39,16,64,,,
February,,,,,,1,,,,,,,,2,,,,6,37,43,89,,,
March,,,,,,,1,,,,,,,,1,5,5,10,51,58,131,,,
April,,,,,2,,,1,,1,,,1,,1,,3,11,74,1,95,,,
May,,,,,3,1,1,,,1,,,,1,4,2,1,10,82,,106,,,
June,,,,,1,,,,3,,,1,,1,4,2,1,11,54,,78,,,
July,,,,,,,,,,,4,,3,,,1,1,11,42,,62,,,
August,,,,,,,,,,,,,4,,,2,4,28,31,,69,,,
September,,,,1,,,,2,3,,,1,,,4,,2,5,17,,35,,,
October,,,,,1,,,1,,,4,,,3,,,,7,12,,28,,,
November,,,,,,,,,,,1,,,,1,,2,24,16,,44,,,
December,,,,,,,,,1,6,,,,1,,1,,22,30,,61,,,
Total,0,0,0,1,7,2,2,4,7,9,9,2,8,8,17,13,20,150,485,118,862,,,
,,,,,,,,,,,,,,,,,,,,,,,,
5th Preference,,,,,,,,,,,,,,,,,,,,,,,,
,1997,1998,1999,2000,2001,2002,2003,2004,2005,2006,2007,2008,2009,2010,2011,2012,2013,2014,2015,2016,Total,,,
January,,,,,,,,,1,,,,,,,,,1,,35,37,,,
February,,,,,,,,,,,,,,,,,,,1,40,41,,,
March,,,,,,,,,,,,,,1,,,,,,2,4,,,
April,,,,,,,,,,,,,,2,,,,1,,,6,,,
May,,,,,,,,,,,,,,,,,,,,,0,,,
June,,,,,,,,,,,,,,1,,,,,,,1,,,
July,,,,,,,,,,,,,,,,,,,3,,3,,,
August,,,,,,,,,,,,,,,,,,,1,,1,,,
September,,,,,,,,,,,,,,,,,,1,3,,4,,,
October,,,,,,,,,,,,,,,,1,1,,7,,9,,,
November,,,,,,,,,,,,,,,1,,,1,4,,6,,,
December,,,,,,,,,,,,,,,,,,,29,,29,,,
Total,0,0,0,0,0,0,0,0,1,0,0,0,0,4,1,1,1,4,48,77,141,,,
,,,,,,,,,,,,,,,,,,,,,,,,
OTHER (EW),,,,,,,,,,,,,,,,,,,,,,,,
,1997,1998,1999,2000,2001,2002,2003,2004,2005,2006,2007,2008,2009,2010,2011,2012,2013,2014,2015,2016,Total,,,
January,,1,,,,1,2,1,,2,4,4,,,,1,1,26,36,4,83,,,
February,,,,,,1,,5,4,,3,1,3,1,3,,3,12,43,,79,,,
March,,1,,,1,5,5,1,4,6,3,4,2,,1,5,8,19,60,,125,,,
April,,1,,,21,2,,3,,2,2,3,3,2,1,,40,40,56,,176,,,
May,1,,,,1,1,,4,,,5,1,1,,,,9,33,33,,89,,,
June,,,,,1,,1,3,2,,5,8,,3,2,4,6,47,62,,144,,,
July,1,,,,,,2,2,,2,,1,1,,,1,15,22,27,,74,,,
August,,,,,1,1,7,4,,7,1,,,,1,1,20,33,15,,91,,,
September,,,,,2,2,,2,,6,6,3,,6,,,4,32,12,,75,,,
October,,,,,,1,1,2,,5,6,2,2,3,,1,3,28,1,,55,,,
November,,,,,1,,2,1,2,1,,3,,,4,,15,18,4,,51,,,
December,1,,,,,2,,,,1,5,2,3,,5,5,15,45,7,,91,,,
Total,3,3,0,0,28,16,20,28,12,32,40,32,15,15,17,18,139,355,356,4,"1,133",,,
,,,,,,,,,,,,,,,,,,,,,,,,
Grand Totals,"48,363",,,,,,,,,,,,,,,,,,,,,,,
,,,,,,,,,,,,,,,,,,,,,,,,
,,,,,,,,,,,,,,,,,,,,,,,,
"Employment-Based I-485 Inventory for Individuals Born in China- Mainland, as of April 2016",,,,,,,,,,,,,,,,,,,,,,,,
1st Preference,,,,,,,,,,,,,,,,,,,,,,,,
,1997,1998,1999,2000,2001,2002,2003,2004,2005,2006,2007,2008,2009,2010,2011,2012,2013,2014,2015,2016,Total,,,
January,,,,,1,,,1,,,,,,4,1,2,13,9,91,263,385,,,
February,,,,,,1,,,,,,,,,,1,12,24,142,237,417,,,
March,,,,,,,,,,,,,,,,5,7,34,194,88,328,,,
April,,,,,,,,1,,,,,,,9,7,19,51,208,,295,,,
May,,,,,,,,,,,,,,1,3,1,7,63,290,,365,,,
June,,,,,,,,,,,,,,,2,12,15,39,261,,329,,,
July,,,,,,,,,,,,,,,5,4,12,51,315,,387,,,
August,,,,,,,,,,,,,,3,10,9,12,62,325,,421,,,
September,,,,,,1,,,,,1,,,,5,3,5,60,301,,376,,,
October,,,,,,,,,,,,,,2,6,1,17,86,378,,490,,,
November,,,1,,,,,1,,,,,1,,3,,13,102,340,,461,,,
December,,,,,,,,,,,1,,,2,,1,11,129,399,,543,,,
Total,0,0,1,0,1,2,0,3,0,0,2,0,1,12,44,46,143,710,"3,244",588,"4,797",,,
,,,,,,,,,,,,,,,,,,,,,,,,
2nd Preference,,,,,,,,,,,,,,,,,,,,,,,,
,1997,1998,1999,2000,2001,2002,2003,2004,2005,2006,2007,2008,2009,2010,2011,2012,2013,2014,2015,2016,Total,,,
January,,,,,1,1,,,,1,2,2,2,20,29,186,225,,,,469,,,
February,,,,,,,,,,1,,,1,11,33,198,243,,,,487,,,
March,,,,,,,,,2,,1,3,1,11,35,199,215,,,,467,,,
April,,,,,,,,,,1,,1,2,11,24,224,176,,,,439,,,
May,,,3,,,,,,,,,1,5,14,103,218,198,,,,542,,,
June,,,,,,,1,,,,,2,2,21,190,221,190,,,,627,,,
July,,,,,,,,,,,3,,2,14,129,240,150,,,,538,,,
August,,,,,,,,,,,,1,24,32,148,268,333,,,,806,,,
September,,,,,,,,1,3,,2,2,83,32,145,97,289,,,,654,,,
October,,,,,,1,,,,,1,5,25,36,157,211,139,,,,575,,,
November,,,,,1,,,,,1,1,6,20,37,201,182,241,,,,690,,,
December,,,,,2,,,,,1,1,,8,30,171,218,156,,,,587,,,
Total,0,0,3,0,4,2,1,1,5,5,11,23,175,269,"1,365","2,462","2,555",0,0,0,"6,881",,,
,,,,,,,,,,,,,,,,,,,,,,,,
3rd Preference,,,,,,,,,,,,,,,,,,,,,,,,
,1997,1998,1999,2000,2001,2002,2003,2004,2005,2006,2007,2008,2009,2010,2011,2012,2013,2014,2015,2016,Total,,,
January,,,,,,,,,,,,,,,5,8,21,,,,34,,,
February,,,,,,,,,,1,1,,,,3,9,41,,,,55,,,
March,1,,,,2,,,1,3,1,,2,,,1,7,46,,,,64,,,
April,,,,,10,,,1,,1,1,,1,1,,7,83,,,,105,,,
May,,,,,1,,,,,,,1,2,,2,19,77,,,,102,,,
June,,,,,,,,,,,2,,,1,2,18,64,,,,87,,,
July,,,,,,,2,,1,,,,,,6,16,56,,,,81,,,
August,,,,,,1,,1,3,1,,,,,2,24,33,,,,65,,,
September,,,,,,,,,,,,1,,,3,20,45,,,,69,,,
October,,,,,,,,2,,,4,1,4,,7,81,,,,,99,,,
November,,,,,,,,,,,1,1,1,,5,24,,,,,32,,,
December,,,,,,,1,,2,,,,1,1,3,36,,,,,44,,,
Total,1,0,0,0,13,1,3,5,9,4,9,6,9,3,39,269,466,0,0,0,837,,,
,,,,,,,,,,,,,,,,,,,,,,,,
4th Preference,,,,,,,,,,,,,,,,,,,,,,,,
,1997,1998,1999,2000,2001,2002,2003,2004,2005,2006,2007,2008,2009,2010,2011,2012,2013,2014,2015,2016,Total,,,
January,,,,,,,,,,,,,,,,,,,,1,1,,,
February,,,,,,,,,,,,,,,,,,,,,0,,,
March,,,,,,,,,,,,,,,,,,,,1,1,,,
April,,,,,,,,,,,,,,,,,,,6,,6,,,
May,,,,,,,,,,,,,,,,,,,2,,2,,,
June,,,,,,,,,,,,,,,,,,,,,0,,,
July,,,,,,,,,,,,,,,,,,,2,,2,,,
August,,,,,,,,,,,,,,,,,,,3,,3,,,
September,,,,,,,,,,,,,,,,,,,3,,3,,,
October,,,,,,,,,,,,,,,,,,,1,,1,,,
November,,,,,,,,,,,,,,,,,,,,,0,,,
December,,,,,,,,,,,,,,,,,,1,4,,5,,,
Total,0,0,0,0,0,0,0,0,0,0,0,0,0,0,0,0,0,1,21,2,24,,,
,,,,,,,,,,,,,,,,,,,,,,,,
5th Preference,,,,,,,,,,,,,,,,,,,,,,,,
,1997,1998,1999,2000,2001,2002,2003,2004,2005,2006,2007,2008,2009,2010,2011,2012,2013,2014,2015,2016,Total,,,
January,,,,,,,,,,,,,,,,,,,14,26,40,,,
February,,,,,,,,,,,,,,,,,,3,35,18,56,,,
March,,,,,,,,,,,,,,,,,,,55,1,56,,,
April,,,,,,,,,,,,,,,,,,,191,,191,,,
May,,,,,,,,,,,,,,,,1,,3,6,,10,,,
June,,,,,,,,,,,,,,,,1,1,,1,,3,,,
July,,,,,,,,,,,,,,,,,1,,5,,6,,,
August,,,,,,,,,,,,,,,,,,2,2,,4,,,
September,,,,,,,,,,,,,,1,,,,1,4,,6,,,
October,,,,,,,,,,,,,,,,,,2,307,,309,,,
November,,,,,,,,,,,,1,,,,,,1,537,,539,,,
December,,,,,,,,,,,,,,,,,,6,19,,25,,,
Total,0,0,0,0,0,0,0,0,0,0,0,1,0,1,0,2,2,18,"1,176",45,"1,245",,,
,,,,,,,,,,,,,,,,,,,,,,,,
OTHER (EW),,,,,,,,,,,,,,,,,,,,,,,,
,1997,1998,1999,2000,2001,2002,2003,2004,2005,2006,2007,2008,2009,2010,2011,2012,2013,2014,2015,2016,Total,,,
January,,,,,,,,,,1,3,,,,,,,,,,4,,,
February,,,,,,,,1,,,,,,,,,,,,,1,,,
March,,,,,,,,,,,,,,,,,,,,,0,,,
April,,,,,3,,,,,,,,,,,,,,,,3,,,
May,,,,,,,,,,,,,,,,,,,,,0,,,
June,,,,,,,,,,,,,,,,,,,,,0,,,
July,,,,,,,,,,,,,,,,,1,,,,1,,,
August,,,,,,,,,,,,,,,,,,,,,0,,,
September,,,,,,,1,,,,,,,,,,,,,,1,,,
October,,,,,,,,,,,,,1,,,,,,,,1,,,
November,,,,,,,,,,,,,,,,,,,,,0,,,
December,,,,,,,,,,,,,,,,,,,,,0,,,
Total,0,0,0,0,3,0,1,1,0,1,3,0,1,0,0,0,1,0,0,0,11,,,
,,,,,,,,,,,,,,,,,,,,,,,,
Grand Totals,"13,795",,,,,,,,,,,,,,,,,,,,,,,
,,,,,,,,,,,,,,,,,,,,,,,,
,,,,,,,,,,,,,,,,,,,,,,,,
"Employment-Based I-485 Inventory for Individuals Born in India, as of April 2016",,,,,,,,,,,,,,,,,,,,,,,,
1st Preference,,,,,,,,,,,,,,,,,,,,,,,,
,1997,1998,1999,2000,2001,2002,2003,2004,2005,2006,2007,2008,2009,2010,2011,2012,2013,2014,2015,2016,Total,,,
January,,,,,,,1,2,,,2,,8,1,4,5,22,8,261,695,"1,009",,,
February,,,,,,,,,,2,,,,6,1,13,15,12,271,685,"1,005",,,
March,,,,,2,,,5,,2,1,1,2,4,3,17,8,10,308,378,741,,,
April,,,,,,,,,,,9,,1,2,3,8,13,16,247,5,304,,,
May,,,,,,,,,,,1,4,,5,9,11,8,26,401,,465,,,
June,,,,,,,,1,,1,,,7,8,1,10,10,30,544,,612,,,
July,,,,,,,,3,,4,,,3,8,6,4,8,42,521,,599,,,
August,,,,,,,,2,,,1,,,7,14,17,16,46,519,,622,,,
September,,,,,,,1,,,,,1,2,2,10,23,17,57,594,,707,,,
October,,,,,,,,,,,,2,1,1,2,5,22,61,764,,858,,,
November,,,,,,3,,,1,3,,,2,6,6,11,9,98,843,,982,,,
December,,,,,,,,,2,1,,,6,2,3,8,14,189,880,,"1,105",,,
Total,0,0,0,0,2,3,2,13,3,13,14,8,32,52,62,132,162,595,"6,153","1,763","9,009",,,
,,,,,,,,,,,,,,,,,,,,,,,,
2nd Preference,,,,,,,,,,,,,,,,,,,,,,,,
,1997,1998,1999,2000,2001,2002,2003,2004,2005,2006,2007,2008,2009,2010,2011,2012,2013,2014,2015,2016,Total,,,
January,,1,,,,,1,1,16,27,18,46,525,1084,,,,,,,"1,719",,,
February,,,,,,,,2,11,36,32,80,491,1079,,,,,,,"1,731",,,
March,,,,,2,,,3,38,30,19,74,500,1294,,,,,,,"1,960",,,
April,,,,1,,1,1,1,7,24,5,85,509,1270,,,,,,,"1,904",,,
May,,,,,,2,1,4,93,15,26,64,1395,,,,,,,,"1,600",,,
June,,,,,,1,,7,70,14,33,76,1378,1,1,,,,,,"1,581",,,
July,,,,,,,2,3,15,22,53,89,996,,,,,,,,"1,180",,,
August,1,,,,,,3,6,23,21,36,92,824,,,,,,,,"1,006",,,
September,,,,1,1,,,11,25,25,27,132,1012,,,,,,,,"1,234",,,
October,,,,,,,,8,18,26,34,383,1133,,,,,,,,"1,602",,,
November,,,,,,,,10,28,29,53,478,1004,,,,,,,,"1,602",,,
December,,,,,,,3,9,27,33,54,626,1171,,,,,,,,"1,923",,,
Total,1,1,0,2,3,4,11,65,371,302,390,"2,225","10,938","4,728",1,0,0,0,0,0,"19,042",,,
,,,,,,,,,,,,,,,,,,,,,,,,
3rd Preference,,,,,,,,,,,,,,,,,,,,,,,,
,1997,1998,1999,2000,2001,2002,2003,2004,2005,2006,2007,2008,2009,2010,2011,2012,2013,2014,2015,2016,Total,,,
January,,1,,2,1,2,8,28,531,457,429,,,,,,,,,,"1,459",,,
February,,,,,1,2,10,55,496,509,354,1,,,,,,,,,"1,428",,,
March,,,,5,2,8,9,75,2071,559,385,,,,,,,,,,"3,114",,,
April,,,,,37,6,10,92,15,508,333,,,,,,,,,,"1,001",,,
May,,,,2,7,9,5,84,56,538,296,,,,,,,,,,997,,,
June,,,2,8,6,5,7,76,81,556,271,1,,,,,,,,,"1,013",,,
July,,,,2,6,5,9,185,142,633,340,,,,,,,,,,"1,322",,,
August,,1,3,3,5,,14,291,264,501,82,,,,,,,,,,"1,164",,,
September,,,3,6,362,8,13,249,298,502,,,,,,,,,,,"1,441",,,
October,,,1,5,162,4,15,435,312,564,,,,,,,,,,,"1,498",,,
November,,,,2,12,6,12,500,374,741,,,,,,,,,,,"1,647",,,
December,,,2,2,,9,14,824,448,664,,,,,,,,,,,"1,963",,,
Total,0,2,11,37,601,64,126,"2,894","5,088","6,732","2,490",2,0,0,0,0,0,0,0,0,"18,047",,,
,,,,,,,,,,,,,,,,,,,,,,,,
4th Preference,,,,,,,,,,,,,,,,,,,,,,,,
,1997,1998,1999,2000,2001,2002,2003,2004,2005,2006,2007,2008,2009,2010,2011,2012,2013,2014,2015,2016,Total,,,
January,,,,,,,,,,1,,,,,,,,,,2,3,,,
February,,,,,,,,,,,,,,,,,,,10,3,13,,,
March,,,,,,,,,,,,,,,,3,,,15,10,28,,,
April,,,,,,,,,,,,,,,,,1,,11,,12,,,
May,,,,,,,,,,,,,,1,,,,4,21,,26,,,
June,,,,,,,,,,,,,,,,,,3,11,,14,,,
July,,,,,,,,,,,,,1,,2,,,,10,,13,,,
August,,,,,,,,,,,,,,,,,,1,8,,9,,,
September,,,,,,,,,,,,,,,,1,1,3,4,,9,,,
October,,,,,,,,,,,,,,,,,,6,,,6,,,
November,,,,,,,,,,,,,,,,,1,6,,,7,,,
December,,,,,,,,,,,,,,,,,1,4,1,,6,,,
Total,0,0,0,0,0,0,0,0,0,1,0,0,1,1,2,4,4,27,91,15,146,,,
,,,,,,,,,,,,,,,,,,,,,,,,
5th Preference,,,,,,,,,,,,,,,,,,,,,,,,
,1997,1998,1999,2000,2001,2002,2003,2004,2005,2006,2007,2008,2009,2010,2011,2012,2013,2014,2015,2016,Total,,,
January,,,,,,,,,,,,,,,,,,,,5,5,,,
February,,,,,,,,,,,,,,,,,,,1,3,4,,,
March,,,,,,,,,,,,,,,,,,,,,0,,,
April,,,,,,,,,,,,,,,,,,,,,0,,,
May,,,,,,,,,,,,,,,,,1,,,,1,,,
June,,,,,,,,,,,,,,,,2,,,,,2,,,
July,,,,,,,,,,,,,,,,,,,,,0,,,
August,,,,,,,,,,,,,,,,,,,,,0,,,
September,,,,,,,,,,,,,,,,,,,,,0,,,
October,,,,,,,,,,,,,,,,,,,,,0,,,
November,,,,,,,,,,,,,,,,,,,3,,3,,,
December,,,,,,,,,,,,,,,,,,,,,0,,,
Total,0,0,0,0,0,0,0,0,0,0,0,0,0,0,0,2,1,0,4,8,15,,,
,,,,,,,,,,,,,,,,,,,,,,,,
OTHER (EW),,,,,,,,,,,,,,,,,,,,,,,,
,1997,1998,1999,2000,2001,2002,2003,2004,2005,2006,2007,2008,2009,2010,2011,2012,2013,2014,2015,2016,Total,,,
January,,,,,,,,,1,,,,,,,,,,,,1,,,
February,,,,,,,,1,,2,,,,,,,,,,,3,,,
March,,,,,3,,,,7,4,1,,,,,,,,,,15,,,
April,,,,,3,,,5,,,,,,,,,,,,,8,,,
May,,,,,,,,6,,,,,,,,,,,,,6,,,
June,,,,,,,,3,,,,,,,,,,,,,3,,,
July,,,,,1,1,,12,,1,,,,,,,,,,,15,,,
August,,,,,,,,1,,,,,,,,,,,,,1,,,
September,,,,,,,,3,,,,,,,,,,,,,3,,,
October,,,,,1,,,7,4,,,,,,,,,,,,12,,,
November,,,,,,,,1,,4,,,,,,,,,,,5,,,
December,,,,,,,,5,,,,,,,,,,,,,5,,,
Total,0,0,0,0,8,1,0,44,12,11,1,0,0,0,0,0,0,0,0,0,77,,,
,,,,,,,,,,,,,,,,,,,,,,,,
Grand Totals,"46,336",,,,,,,,,,,,,,,,,,,,,,,
,,,,,,,,,,,,,,,,,,,,,,,,
,,,,,,,,,,,,,,,,,,,,,,,,
"Employment-Based I-485 Inventory for Individuals Born in Mexico, as of April 2016",,,,,,,,,,,,,,,,,,,,,,,,
1st Preference,,,,,,,,,,,,,,,,,,,,,,,,
,1997,1998,1999,2000,2001,2002,2003,2004,2005,2006,2007,2008,2009,2010,2011,2012,2013,2014,2015,2016,Total,,,
January,,,,,,,,,,,,,,,,,1,,23,70,94,,,
February,,,,,,,,,,,,,,,1,,2,6,24,81,114,,,
March,,,,,,,,,,,,1,1,,2,,,10,25,32,71,,,
April,,,,,,,,,,,,,,,,,3,16,43,,62,,,
May,1,,,,,,,,,,,,,,4,3,,9,69,,86,,,
June,,1,,,,,,,,,,,,,,,2,23,81,,107,,,
July,,,,,,,,,,,,,,,3,3,2,11,70,,89,,,
August,,,,,,,,,,,,,,,,,2,31,87,,120,,,
September,,1,,,,,,,,,,,,3,,,3,25,100,,132,,,
October,1,,,,,,,,,,,,,,,4,17,23,96,,141,,,
November,2,,,,,,,,,,,,,2,,,9,25,68,,106,,,
December,,,,,,,,,,,,1,,,1,1,11,14,86,,114,,,
Total,4,2,0,0,0,0,0,0,0,0,0,2,1,5,11,11,52,193,772,183,"1,236",,,
,,,,,,,,,,,,,,,,,,,,,,,,
2nd Preference,,,,,,,,,,,,,,,,,,,,,,,,
,1997,1998,1999,2000,2001,2002,2003,2004,2005,2006,2007,2008,2009,2010,2011,2012,2013,2014,2015,2016,Total,,,
January,,,,,,,,,,,,1,,,1,1,2,13,92,9,119,,,
February,,,,,,,,,,,,,,,,,4,11,81,9,105,,,
March,,,,,,,,2,,,,,,,,3,6,10,60,1,82,,,
April,,,,,,,,,,,,,,,2,2,1,5,70,,80,,,
May,,,,,,,,,,,,,,,,,6,4,52,,62,,,
June,,,,,,,,,,,,,,,1,,13,20,38,,72,,,
July,,,,,,,,,,,,,,,,,8,9,38,,55,,,
August,,,,,,,,,,,,,,,,2,4,19,15,,40,,,
September,,,,,,,,2,,,,,,,,,3,33,14,,52,,,
October,,,,,,,,,,,,,1,,,,4,26,3,,34,,,
November,,,,,,,,,,,,,,,,,6,34,2,,42,,,
December,,,,,,,,,,,,2,,,,,13,71,3,,89,,,
Total,0,0,0,0,0,0,0,4,0,0,0,3,1,0,4,8,70,255,,19,832,,,
,,,,,,,,,,,,,,,,,,,,,,,,
3rd Preference,,,,,,,,,,,,,,,,,,,,,,,,
,1997,1998,1999,2000,2001,2002,2003,2004,2005,2006,2007,2008,2009,2010,2011,2012,2013,2014,2015,2016,Total,,,
January,,,,,1,,,2,,2,,2,2,,2,2,3,6,28,,50,,,
February,,,,,5,,,1,1,2,3,1,2,,4,,3,5,40,,67,,,
March,,,,,2,4,,1,1,,2,4,1,1,,4,7,7,27,,61,,,
April,,,,,45,,3,,,1,4,3,3,3,4,1,3,13,31,,114,,,
May,,,,,,5,2,5,,1,3,6,1,,6,6,6,17,37,,95,,,
June,,,,,,2,,,1,4,3,1,3,3,1,,18,38,66,,140,,,
July,,,,,2,,,2,,4,6,,1,,1,2,12,15,15,,60,,,
August,,,,,,,,1,1,5,4,2,2,,,1,10,20,17,,63,,,
September,,,,,,4,3,2,1,5,6,1,,2,1,2,8,25,4,,64,,,
October,,,,,,2,4,1,7,6,8,3,4,1,,4,4,33,5,,82,,,
November,,1,,,,,3,1,6,,,7,,,2,,45,76,2,,143,,,
December,,,,,,3,1,1,3,5,5,3,2,,2,6,191,36,2,,260,,,
Total,0,1,0,0,55,20,16,17,21,35,44,33,21,10,23,28,310,291,274,0,"1,199",,,
,,,,,,,,,,,,,,,,,,,,,,,,
4th Preference,,,,,,,,,,,,,,,,,,,,,,,,
,1997,1998,1999,2000,2001,2002,2003,2004,2005,2006,2007,2008,2009,2010,2011,2012,2013,2014,2015,2016,Total,,,
January,,,,,3,,,,,,,,,,,,,,1,1,5,,,
February,,,,,,,,,,1,,,,1,,,,,4,1,7,,,
March,,,,,,,,,,,,,,1,,,,,3,3,7,,,
April,,,,,,,,,,,,,,,,,1,2,6,,9,,,
May,,,,,,,,,,,,,,,,,,,6,,6,,,
June,,,,,,,,,,,,,,,,,,,2,,2,,,
July,,,,,,,,,,,,,,,,,,1,6,,7,,,
August,,,,,,,,,,,,,,1,,,,,1,,2,,,
September,,,,,,,,,,,,,,,,,,1,,,1,,,
October,,,,,,,1,,,,,,,,,,,3,,,4,,,
November,,,,,,,,,,,,,,,,,,5,,,5,,,
December,,,,,,,,,,1,,,,,,1,,1,,,3,,,
Total,0,0,0,0,3,0,1,0,0,2,0,0,0,3,0,1,1,13,,5,58,,,
,,,,,,,,,,,,,,,,,,,,,,,,
5th Preference,,,,,,,,,,,,,,,,,,,,,,,,
,1997,1998,1999,2000,2001,2002,2003,2004,2005,2006,2007,2008,2009,2010,2011,2012,2013,2014,2015,2016,Total,,,
January,,,,,,,,,,,,,,,,,,,,,0,,,
February,,,,,,,,,,,,,,,,,,,,5,5,,,
March,,,,,,,,,,,,,,,,,,,,,0,,,
April,,,,,,,,,,,,,,,,,,,,,0,,,
May,,,,,,,,,,,,,,,,,,,,,0,,,
June,,,,,,,,,,,,,,,,,,,,,0,,,
July,,,,,,,,,,,,,,,,,,,5,,5,,,
August,,,,,,,,,,,,,,,,,,,,,0,,,
September,,,,,,,,,,,,,,,,,,,,,0,,,
October,,,,,,,,,,,,,,,,,,,,,0,,,
November,,,,,,,,,,,,,,,,,,,1,,1,,,
December,,,,,,,,,,,,,,,,,,,,,0,,,
Total,0,0,0,0,0,0,0,0,0,0,0,0,0,0,0,0,0,0,,5,11,,,
,,,,,,,,,,,,,,,,,,,,,,,,
OTHER (EW),,,,,,,,,,,,,,,,,,,,,,,,
,1997,1998,1999,2000,2001,2002,2003,2004,2005,2006,2007,2008,2009,2010,2011,2012,2013,2014,2015,2016,Total,,,
January,,,,,,,,,,,2,3,,,2,1,,3,6,,17,,,
February,,,,,,,2,,,2,2,,3,,4,,1,,2,,16,,,
March,,,,,,,2,,8,1,,4,,1,5,1,1,,14,,37,,,
April,,,,,15,2,,1,,1,,3,4,,,,2,,8,,36,,,
May,,,,,,,,,,1,,3,4,5,,4,,3,10,,30,,,
June,,,,,,2,,,,,6,5,,,2,,3,2,10,,30,,,
July,,,,,,,,,,,,1,,,1,,,,,,2,,,
August,,,,,,,1,,,1,4,1,,,,,3,12,1,,23,,,
September,,,,,,2,5,,2,,3,,2,3,1,2,2,9,,,31,,,
October,,,,,,1,,,,5,4,,1,,,2,,2,4,,19,,,
November,,,,,,3,,,,3,4,,,5,,,1,8,,,24,,,
December,,3,,,,,,,,12,10,3,,,,5,2,6,3,,44,,,
Total,0,3,0,0,15,10,10,1,10,26,35,23,14,14,15,15,15,45,,0,309,,,
,,,,,,,,,,,,,,,,,,,,,,,,
Grand Totals,"3,645",,,,,,,,,,,,,,,,,,,,,,,
,,,,,,,,,,,,,,,,,,,,,,,,
,,,,,,,,,,,,,,,,,,,,,,,,
"Employment-Based I-485 Inventory for Individuals Born in The Philippines, as of April 2016",,,,,,,,,,,,,,,,,,,,,,,,
1st Preference,,,,,,,,,,,,,,,,,,,,,,,,
,1997,1998,1999,2000,2001,2002,2003,2004,2005,2006,2007,2008,2009,2010,2011,2012,2013,2014,2015,2016,Total,,,
January,,,,,,,,,,,,,,,,,,,,4,4,,,
February,,,,,,,,,,,,,,,,,,,,17,17,,,
March,,,,,,,,,,,,,,,,,,,3,5,8,,,
April,,,,,,,,,,,,,,,,4,,,5,,9,,,
May,,,,,,,,,,,,,,,,2,,2,9,,13,,,
June,,,,,,,,,,,,,,,,,,,7,,7,,,
July,,,,,,,,,,,,,,,,,,2,7,,9,,,
August,,,,,,,,,,,,,,,,,,,4,,4,,,
September,,,,,,,,,,,,,,,,,,,12,,12,,,
October,,,,,,,,,,,,,,,,,,,7,,7,,,
November,,,,,,,,,,,,,,,,,,1,11,,12,,,
December,,,,,,,,,,,,,,,,2,1,,10,,13,,,
Total,0,0,0,0,0,0,0,0,0,0,0,0,0,0,0,8,1,5,75,26,115,,,
,,,,,,,,,,,,,,,,,,,,,,,,
2nd Preference,,,,,,,,,,,,,,,,,,,,,,,,
,1997,1998,1999,2000,2001,2002,2003,2004,2005,2006,2007,2008,2009,2010,2011,2012,2013,2014,2015,2016,Total,,,
January,,,,,,,,,,,,1,,,,5,8,12,44,35,105,,,
February,,,,,,,,,,,,2,,,,3,2,10,59,31,107,,,
March,,,,,,,,,,,2,2,,2,,4,9,26,64,15,124,,,
April,,,,,,,,,,,,,1,4,5,14,7,33,62,,126,,,
May,,,,,,,,,,,1,,1,1,3,9,5,16,53,,89,,,
June,,,,,,,,,,,1,,1,4,1,17,4,36,80,,144,,,
July,,,,,,,,,,,,4,,,2,2,5,25,50,,88,,,
August,,,,,,,,,,2,,,,1,,1,10,35,15,,64,,,
September,,,,,,,,,,1,,,,5,,3,22,29,20,,80,,,
October,,,,,,,,,,,,3,,,,1,16,40,35,,95,,,
November,,,,,,,,,,,,1,,2,,3,17,34,6,,63,,,
December,,,,,,,,,,,,4,,6,2,,13,51,21,,97,,,
Total,0,0,0,0,0,0,0,0,0,3,4,17,3,25,13,62,118,347,509,81,"1,182",,,
,,,,,,,,,,,,,,,,,,,,,,,,
3rd Preference,,,,,,,,,,,,,,,,,,,,,,,,
,1997,1998,1999,2000,2001,2002,2003,2004,2005,2006,2007,2008,2009,2010,2011,2012,2013,2014,2015,2016,Total,,,
January,,,,,,1,5,,2,2,3,37,50,35,13,35,43,47,,,273,,,
February,,,,,,,1,3,1,3,1,52,45,18,18,49,149,56,,,396,,,
March,,,,,3,1,,2,1,1,4,54,41,28,32,34,27,39,,,267,,,
April,,,,,5,1,1,,,2,7,51,41,41,27,67,97,69,,,409,,,
May,,,,,,,1,,,1,16,53,42,14,27,49,102,62,,,367,,,
June,,,,,,1,,,,3,19,38,40,30,54,68,88,32,,,373,,,
July,,,,,1,,2,2,,5,26,55,56,17,26,70,52,21,,,333,,,
August,,,2,,,4,,3,,2,26,67,43,29,28,91,59,13,,,367,,,
September,,,,,,2,,2,2,3,17,58,32,65,39,94,53,11,,,378,,,
October,,,,,1,,1,2,,17,27,30,38,20,57,64,70,,,,327,,,
November,,,,,,,2,,,8,47,35,38,25,69,47,53,,,,324,,,
December,,,,,,1,,1,,3,28,26,28,36,30,33,63,,,,249,,,
Total,0,0,2,0,10,11,13,15,6,50,221,556,494,358,420,701,856,350,0,0,"4,063",,,
,,,,,,,,,,,,,,,,,,,,,,,,
4th Preference,,,,,,,,,,,,,,,,,,,,,,,,
,1997,1998,1999,2000,2001,2002,2003,2004,2005,2006,2007,2008,2009,2010,2011,2012,2013,2014,2015,2016,Total,,,
January,,,,,,,,,,,,,,,,,,,,3,3,,,
February,2,,,,,,,,,,,,,,,,,,2,,4,,,
March,,,,,,,,,,,,,,,,,1,1,,7,9,,,
April,,,,,,,,,,,,,,,,,,,1,,1,,,
May,,,,,,,,,,,,,,,,,,,1,,1,,,
June,,,,,,,,,,,,,,,,,,,3,,3,,,
July,,,,,,,,,,,,,,,,,,,,,0,,,
August,,,,,,,,,,,,,,,,,,1,2,,3,,,
September,,,,,,,,,,,,,,,,1,,1,,,2,,,
October,,,,,,,,,,,,,1,,6,,,,,,7,,,
November,,,1,,,,,,,,,,,,,,,,,,1,,,
December,,,,,,,,,,,,,,1,,,,1,3,,5,,,
Total,2,0,1,0,0,0,0,0,0,0,0,0,1,1,6,1,1,4,12,10,39,,,
,,,,,,,,,,,,,,,,,,,,,,,,
5th Preference,,,,,,,,,,,,,,,,,,,,,,,,
,1997,1998,1999,2000,2001,2002,2003,2004,2005,2006,2007,2008,2009,2010,2011,2012,2013,2014,2015,2016,Total,,,
January,,,,,,,,,,,,,,,,,,,,,0,,,
February,,,,,,,,,,,,,,,,,,,,,0,,,
March,,,,,,,,,,,,,,,,,,,,1,1,,,
April,,,,,,,,,,,,,,,,,,,,,0,,,
May,,,,,,,,,,,,,,,,,,,,,0,,,
June,,,,,,,,,,,,,,,,,,,,,0,,,
July,,,,,,,,,,,,,,,,,,,,,0,,,
August,,,,,,,,,,,,,,,,,,,,,0,,,
September,,,,,,,,,,,,,,,,,,,,,0,,,
October,,,,,,,,,,,,,,,,,,,,,0,,,
November,,,,,,,,,,,,,,,,,,,,,0,,,
December,,,,,,,,,,,,,,,,,,,,,0,,,
Total,0,0,0,0,0,0,0,0,0,0,0,0,0,0,0,0,0,0,0,1,1,,,
,,,,,,,,,,,,,,,,,,,,,,,,
OTHER (EW),,,,,,,,,,,,,,,,,,,,,,,,
,1997,1998,1999,2000,2001,2002,2003,2004,2005,2006,2007,2008,2009,2010,2011,2012,2013,2014,2015,2016,Total,,,
January,,,,,,1,2,,,4,,3,1,2,,,,,,,13,,,
February,,,,,,,,2,,6,3,2,,,2,3,3,,,,21,,,
March,,,,,1,,2,,1,2,1,5,1,1,,1,,,,,15,,,
April,,,,,,,,1,,2,1,7,3,,1,4,1,,,,20,,,
May,,,,,,,,3,,,2,1,1,,,2,,,,,9,,,
June,,,,,,,1,4,,,1,3,8,,,,2,,,,19,,,
July,,,,,,,1,,,3,2,3,2,1,,8,,,,,20,,,
August,,,,,,2,1,,,,7,2,1,,2,,1,,,,16,,,
September,,,,,1,2,2,,,,,4,3,1,,2,,,,,15,,,
October,,,,,,3,,,,1,1,2,1,,,,3,,,,11,,,
November,,,,,,1,3,,,2,3,5,1,,,,,,,,15,,,
December,,,,,,2,1,,1,4,1,1,,6,2,4,,,,,22,,,
Total,0,0,0,0,2,11,13,10,2,24,22,38,22,11,7,24,10,0,0,0,196,,,
,,,,,,,,,,,,,,,,,,,,,,,,
Grand Totals,"5,596",,,,,,,,,,,,,,,,,,,,,,,
