All Employment-Based I-485 Inventory pending at the Service Centers and Field Offices as of May 3rd 2012,,,,,,,,,,,,,,,,,
This Employment-based pending I-485 inventory report is updated Quarterly,,,,,,,,,,,,,,,,,
1st Preference,,,,,,,,,,,,,,,,,
,1997,1998,1999,2000,2001,2002,2003,2004,2005,2006,2007,2008,2009,2010,2011,2012,Total
January,,,,,,5,9,2,2,2,5,2,11,43,192,1329,1602
February,2,1,,,3,4,10,1,3,6,13,8,4,49,280,1645,2029
March,,,,,1,2,2,4,1,4,47,10,23,65,379,2104,2642
April,,,,,11,2,,2,4,10,15,5,14,53,381,1115,1612
May,,1,,1,3,10,1,,4,10,9,12,16,99,467,1,634
June,,1,,,4,1,1,,1,10,3,5,16,109,445,,596
July,,,,1,1,6,2,,1,3,17,10,27,105,534,,707
August,,,,,1,3,7,1,1,6,13,15,19,156,769,,991
September,2,,,,1,2,8,4,,6,5,14,14,125,793,,974
October,1,,2,1,8,1,10,4,5,5,9,2,24,171,925,,1168
November,,,2,,1,2,11,8,1,6,5,15,21,221,1065,,1358
December,1,1,,,5,3,10,1,6,7,3,11,46,168,1144,,1406
Grand Total,6,4,4,3,39,41,71,27,29,75,144,109,235,1364,7374,6194,15719
,,,,,,,,,,,,,,,,,
2nd Preference,,,,,,,,,,,,,,,,,
,1997,1998,1999,2000,2001,2002,2003,2004,2005,2006,2007,2008,2009,2010,2011,2012,Total
January,,,,,3,3,13,21,11,37,82,1318,1648,1329,272,610,5347
February,,,,1,1,2,7,21,24,27,68,1275,1584,1421,310,579,5320
March,,2,1,2,2,,13,23,80,66,90,1518,1740,1612,411,896,6456
April,,1,,,9,1,10,12,2,45,156,1853,1557,1879,514,382,6421
May,1,,,,,2,10,17,1,48,284,1674,1346,59,656,1,4099
June,,,,1,6,2,9,17,3,53,395,1734,1418,122,783,,4543
July,1,,,,,,13,22,8,56,671,1553,1271,104,686,,4385
August,,,,1,4,5,7,18,9,71,640,1473,1081,120,838,,4267
September,,,,1,1,5,19,19,21,115,755,1381,1358,148,769,,4592
October,1,,,,4,8,15,22,27,67,892,1745,1412,138,745,,5076
November,,1,,,3,4,14,36,39,75,1131,1588,1231,235,493,,4850
December,,,,3,,6,9,30,39,99,1111,2030,1466,201,540,,5534
Total,3,4,1,9,33,38,139,258,264,759,6275,19142,17112,7368,7017,2468,60890
,,,,,,,,,,,,,,,,,
3rd Preference,,,,,,,,,,,,,,,,,
,1997,1998,1999,2000,2001,2002,2003,2004,2005,2006,2007,2008,2009,2010,2011,2012,Total
January,,14,,1,19,25,816,1045,759,1006,2419,,,,,,6104
February,1,,,1,29,19,793,963,801,1185,2219,,,,,,6011
March,3,5,2,2,213,21,869,1240,3358,1854,2137,,,,,,9704
April,4,1,1,3,576,43,1023,1175,58,2338,2184,,,,,,7406
May,,1,,1,13,37,1003,1018,159,3036,1858,,,,,,7126
June,,,5,5,8,35,975,1095,200,2939,1734,,,,,,6996
July,1,4,,4,13,46,934,1125,386,3022,3053,,,,,,8588
August,2,3,2,3,23,145,982,1108,578,3051,559,,,,,,6456
September,,1,1,,4,771,1000,1000,605,2863,,,,,,,6245
October,1,1,,3,13,771,1144,1254,736,3492,,,,,,,7415
November,3,,,3,10,811,1090,1215,907,2777,,,,,,,6816
December,2,4,4,2,14,914,1204,1457,967,2709,,,,,,,7277
Total,17,34,15,28,935,3638,11833,13695,9514,30272,16163,0,0,0,0,0,86144
,,,,,,,,,,,,,,,,,
4th Preference,,,,,,,,,,,,,,,,,
,1997,1998,1999,2000,2001,2002,2003,2004,2005,2006,2007,2008,2009,2010,2011,2012,Total
January,,,,5,,,,,4,,,,,1,12,21,43
February,,,,,1,,1,,,2,,3,,2,12,7,28
March,,,,,,,,1,,1,,1,1,16,34,24,78
April,,,,,4,,1,1,,,1,,,15,44,3,69
May,,,,,5,1,1,,4,2,,,,4,30,,47
June,,,,,,,1,,,1,,4,,1,44,,51
July,,,,,,4,,,2,,,1,,5,31,,43
August,,,,,3,1,,1,1,5,,,1,2,61,,75
September,,,,,,,1,3,3,,,,4,4,42,,57
October,,,,,1,,2,3,2,,,,,11,40,,59
November,,,,,,,,3,,,1,2,1,4,53,,64
December,,,,,2,,,,,3,,,,4,49,,58
Total,0,0,0,5,16,6,7,12,16,14,2,11,7,69,452,55,672
,,,,,,,,,,,,,,,,,
5th Preference,,,,,,,,,,,,,,,,,
,1997,1998,1999,2000,2001,2002,2003,2004,2005,2006,2007,2008,2009,2010,2011,2012,Total
January,,,,,,,,,,,,,,,,1,1
February,,,,,,,2,,,,,,3,,,,5
March,,,,,,,,,,,,,,,,,0
April,,,,,,,,,,,,,,,2,,2
May,,,,,,,,,,,1,,,,,,1
June,,,,,,,,,,,,,,,,,0
July,,,,,,,,,,,,,,,1,,1
August,,,,,,,,,,,,,,,,,0
September,,,,,,,,,,,,,,1,,,1
October,,,,,,,,,,,,1,,3,2,,6
November,,,,,,,,,,,,,1,1,,,2
December,,,,,,,,,,1,,,,,,,1
Total,0,0,0,0,0,0,2,0,0,1,1,1,4,5,5,1,20
,,,,,,,,,,,,,,,,,
OTHER (EW),,,,,,,,,,,,,,,,,
,1997,1998,1999,2000,2001,2002,2003,2004,2005,2006,2007,2008,2009,2010,2011,2012,Total
January,,,,,1,6,7,22,26,31,5,,,,,,98
February,2,,,,,3,13,19,17,57,7,,,,,,118
March,3,,,1,5,9,13,38,50,116,13,,,,,,248
April,1,,,,141,12,6,26,,94,7,,,,,,287
May,2,,,,4,5,11,9,,9,4,,,,,,44
June,,,,1,2,7,19,29,19,17,,,,,,,94
July,,,1,,1,4,17,35,17,9,13,,,,,,97
August,,4,,,2,2,16,19,19,6,,,,,,,68
September,2,2,,,3,8,25,25,21,8,,,,,,,94
October,,,,,,6,24,14,21,16,,,,,,,81
November,,,,,6,3,24,44,21,16,,,,,,,114
December,,,,,3,2,13,21,46,13,,,,,,,98
Total,10,6,1,2,168,67,188,301,257,392,49,0,0,0,0,0,1441
,,,,,,,,,,,,,,,,,
Grand Total,164886,,,,,,,,,,,,,,,,
,,,,,,,,,,,,,,,,,
" Employment-Based I-485 Inventory for Individuals Born in All Other Chargeability Except China-Mainland, India, Mexico or Philippines as of May 3rd 2012",,,,,,,,,,,,,,,,,
This Employment-based pending I-485 inventory report is updated Quarterly,,,,,,,,,,,,,,,,,
1st Preference,,,,,,,,,,,,,,,,,
,1997,1998,1999,2000,2001,2002,2003,2004,2005,2006,2007,2008,2009,2010,2011,2012,Total
January,,,,,,4,6,1,,1,3,1,3,17,111,730,877
February,1,1,,,3,4,5,,1,4,10,4,,25,156,962,1176
March,,,,,1,1,2,4,1,4,38,4,6,34,252,1203,1550
April,,,,,9,2,,1,1,10,2,,6,29,245,644,949
May,,1,,,3,10,1,,2,9,2,3,7,56,307,1,402
June,,1,,,1,1,,,,8,2,,9,64,235,,321
July,,,,1,,5,2,,1,2,10,4,12,60,309,,406
August,,,,,1,2,7,1,1,5,1,11,10,105,422,,566
September,2,,,,1,2,7,2,,2,1,3,6,77,471,,574
October,,,2,1,4,1,5,4,5,3,6,1,14,99,542,,687
November,,,2,,,2,11,1,1,1,3,4,11,128,612,,776
December,1,1,,,3,,6,1,4,6,,7,29,94,673,,825
Total,4,4,4,2,26,34,52,15,17,55,78,42,113,788,4335,3540,9109
,,,,,,,,,,,,,,,,,
2nd Preference,,,,,,,,,,,,,,,,,
,1997,1998,1999,2000,2001,2002,2003,2004,2005,2006,2007,2008,2009,2010,2011,2012,Total
January,,,,,2,,,1,3,3,10,38,56,70,258,505,946
February,,,,1,,,3,1,2,2,5,38,38,81,277,472,920
March,,,,,,,,1,2,9,17,55,48,106,364,756,1358
April,,,,,4,,1,,1,16,10,50,48,57,459,296,942
May,1,,,,,,,1,,,19,44,58,52,569,,744
June,,,,,2,,4,3,,18,26,43,57,95,701,,949
July,,,,,,,4,1,1,7,28,46,65,96,621,,869
August,,,,,1,1,,,1,11,29,53,62,103,701,,962
September,,,,,,,,2,8,31,34,51,66,135,655,,982
October,,,,,1,,,2,10,7,27,55,67,134,605,,908
November,,,,,1,2,,1,4,4,37,53,48,214,432,,796
December,,,,,,,,1,,8,23,94,63,176,448,,813
Total,1,0,0,1,11,3,12,14,32,116,265,620,676,1319,6090,2029,11189
,,,,,,,,,,,,,,,,,
3rd Preference,,,,,,,,,,,,,,,,,
,1997,1998,1999,2000,2001,2002,2003,2004,2005,2006,2007,2008,2009,2010,2011,2012,Total
January,,10,,,9,13,17,129,27,209,1278,,,,,,1692
February,1,,,1,19,9,17,106,24,302,1143,,,,,,1622
March,2,4,2,2,46,6,18,106,106,590,1088,,,,,,1970
April,3,,1,3,454,18,25,76,17,1057,1080,,,,,,2734
May,,1,,1,8,8,31,55,23,1645,798,,,,,,2570
June,,,1,2,4,10,75,78,23,1623,767,,,,,,2583
July,1,1,,3,10,15,69,61,49,1403,1435,,,,,,3047
August,1,1,1,1,7,11,81,77,77,1562,205,,,,,,2024
September,,,1,,3,18,100,80,70,1434,,,,,,,1706
October,1,,,3,7,10,81,88,98,1683,,,,,,,1971
November,2,,,3,6,15,78,55,116,1111,,,,,,,1386
December,2,4,3,2,9,21,118,33,157,1297,,,,,,,1646
Total,13,21,9,21,582,154,710,944,787,13916,7794,0,0,0,0,0,24951
,,,,,,,,,,,,,,,,,
4th Preference,,,,,,,,,,,,,,,,,
,1997,1998,1999,2000,2001,2002,2003,2004,2005,2006,2007,2008,2009,2010,2011,2012,Total
January,,,,5,,,,,4,,,,,1,5,12,27
February,,,,,1,,1,,,,,3,,2,11,5,23
March,,,,,,,,,,1,,,,6,24,21,52
April,,,,,4,,1,,,,1,,,10,27,3,46
May,,,,,5,1,1,,4,,,,,4,14,,29
June,,,,,,,1,,,1,,4,,,33,,39
July,,,,,,4,,,1,,,,,5,24,,34
August,,,,,3,1,,1,1,5,,,1,2,38,,52
September,,,,,,,,3,3,,,,4,3,25,,38
October,,,,,1,,,3,2,,,,,10,29,,45
November,,,,,,,,3,,,1,1,,3,44,,52
December,,,,,2,,,,,3,,,,3,41,,49
Total,0,0,0,5,16,6,4,10,15,10,2,8,5,49,315,41,486
,,,,,,,,,,,,,,,,,
5th Preference,,,,,,,,,,,,,,,,,
,1997,1998,1999,2000,2001,2002,2003,2004,2005,2006,2007,2008,2009,2010,2011,2012,Total
January,,,,,,,,,,,,,,,,1,1
February,,,,,,,,,,,,,1,,,,1
March,,,,,,,,,,,,,,,,,0
April,,,,,,,,,,,,,,,2,,2
May,,,,,,,,,,,1,,,,,,1
June,,,,,,,,,,,,,,,,,0
July,,,,,,,,,,,,,,,,,0
August,,,,,,,,,,,,,,,,,0
September,,,,,,,,,,,,,,,,,0
October,,,,,,,,,,,,1,,3,,,4
November,,,,,,,,,,,,,1,,,,1
December,,,,,,,,,,1,,,,,,,1
Total,0,0,0,0,0,0,0,0,0,1,1,1,2,3,2,1,11
,,,,,,,,,,,,,,,,,
OTHER (EW),,,,,,,,,,,,,,,,,
,1997,1998,1999,2000,2001,2002,2003,2004,2005,2006,2007,2008,2009,2010,2011,2012,Total
January,,,,,,,4,6,20,10,2,,,,,,42
February,2,,,,,1,4,11,9,26,7,,,,,,60
March,3,,,1,3,8,9,21,15,71,10,,,,,,141
April,1,,,,75,4,3,12,,67,6,,,,,,168
May,2,,,,,1,6,2,,7,4,,,,,,22
June,,,,1,2,1,6,17,16,16,,,,,,,59
July,,,,,,4,8,30,13,4,3,,,,,,62
August,,3,,,,1,8,13,7,4,,,,,,,36
September,2,2,,,,,7,18,7,6,,,,,,,42
October,,,,,,3,16,6,13,12,,,,,,,50
November,,,,,6,,13,23,15,6,,,,,,,63
December,,,,,1,2,8,8,32,9,,,,,,,60
Total,10,5,0,2,87,25,92,167,147,238,32,0,0,0,0,0,805
,,,,,,,,,,,,,,,,,
Grand Totals,46551,,,,,,,,,,,,,,,,
,,,,,,,,,,,,,,,,,
Employment-Based I-485 Inventory for Individuals Born in China- Mainland Born as of May 3rd 2012,,,,,,,,,,,,,,,,,
This Employment-based pending I-485 inventory report is updated Quarterly,,,,,,,,,,,,,,,,,
1st Preference,,,,,,,,,,,,,,,,,
,1997,1998,1999,2000,2001,2002,2003,2004,2005,2006,2007,2008,2009,2010,2011,2012,Total
January,,,,,,1,,,,,2,1,3,9,29,224,269
February,1,,,,,,,,,,1,2,4,7,54,233,302
March,,,,,,,,,,,1,4,6,11,47,216,285
April,,,,,2,,,1,3,,2,3,6,3,42,70,132
May,,,,,,,,,2,,1,3,3,6,62,,77
June,,,,,1,,,,1,1,1,1,4,19,71,,99
July,,,,,1,1,,,,,3,1,6,19,80,,111
August,,,,,,1,,,,,6,1,7,19,118,,152
September,,,,,,,,,,4,1,3,4,19,131,,162
October,1,,,,,,3,,,1,1,,2,24,145,,177
November,,,,,1,,,2,,,2,9,7,41,148,,210
December,,,,,1,,,,,,,4,3,34,172,,214
Total,2,0,0,0,6,3,3,3,6,6,21,32,55,211,1099,743,2190
,,,,,,,,,,,,,,,,,
2nd Preference,,,,,,,,,,,,,,,,,
,1997,1998,1999,2000,2001,2002,2003,2004,2005,2006,2007,2008,2009,2010,2011,2012,Total
January,,,,,,,1,,,3,7,208,282,228,,,729
February,,,,,1,,,,,2,10,218,281,232,,,744
March,,,,,,,,1,2,2,16,285,306,214,,,826
April,,,,,,,1,,,2,29,303,293,301,,,929
May,,,,,,,1,,1,,48,282,235,,,,567
June,,,,,1,,1,,,1,54,316,290,,,,663
July,,,,,,,1,,,7,132,306,208,,,,654
August,,,,,1,,1,,3,6,89,238,214,,,,552
September,,,,,,,,,3,5,121,261,221,,,,611
October,,,,,,,,,3,8,143,308,191,,,,653
November,,,,,,,,,1,12,189,255,185,,,,642
December,,,,3,,,,,,18,208,331,207,,,,767
Grand Total,0,0,0,3,3,0,6,1,13,66,1046,3311,2913,975,0,0,8337
,,,,,,,,,,,,,,,,,
3rd Preference,,,,,,,,,,,,,,,,,
,1997,1998,1999,2000,2001,2002,2003,2004,2005,2006,2007,2008,2009,2010,2011,2012,Total
January,,,,,,3,,1,10,75,65,,,,,,154
February,,,,,,,,2,21,85,73,,,,,,181
March,,,,,8,,1,5,180,91,89,,,,,,374
April,,,,,15,1,1,2,5,104,52,,,,,,180
May,,,,,,,4,5,18,97,64,,,,,,188
June,,,,,1,3,1,3,26,81,75,,,,,,190
July,,,,,1,,1,8,64,84,114,,,,,,272
August,,,,,1,1,4,5,51,96,14,,,,,,172
September,,,,,,,3,6,53,65,,,,,,,127
October,,,,,,1,,14,83,103,,,,,,,201
November,,,,,,1,1,18,75,82,,,,,,,177
December,,,,,,,,45,97,65,,,,,,,207
Total,0,0,0,0,26,10,16,114,683,1028,546,0,0,0,0,0,2423
,,,,,,,,,,,,,,,,,
4th Preference,,,,,,,,,,,,,,,,,
,1997,1998,1999,2000,2001,2002,2003,2004,2005,2006,2007,2008,2009,2010,2011,2012,Total
January,,,,,,,,,,,,,,,,2,2
February,,,,,,,,,,,,,,,,1,1
March,,,,,,,,,,,,,,,,,0
April,,,,,,,,,,,,,,,,,0
May,,,,,,,,,,,,,,,1,,1
June,,,,,,,,,,,,,,,1,,1
July,,,,,,,,,1,,,1,,,,,2
August,,,,,,,,,,,,,,,,,0
September,,,,,,,1,,,,,,,,,,1
October,,,,,,,,,,,,,,,,,0
November,,,,,,,,,,,,,,,2,,2
December,,,,,,,,,,,,,,,2,,2
Total,0,0,0,0,0,0,1,0,1,0,0,1,0,0,6,3,12
,,,,,,,,,,,,,,,,,
5th Preference,,,,,,,,,,,,,,,,,
,1997,1998,1999,2000,2001,2002,2003,2004,2005,2006,2007,2008,2009,2010,2011,2012,Total
January,,,,,,,,,,,,,,,,,0
February,,,,,,,,,,,,,,,,,0
March,,,,,,,,,,,,,,,,,0
April,,,,,,,,,,,,,,,,,0
May,,,,,,,,,,,,,,,,,0
June,,,,,,,,,,,,,,,,,0
July,,,,,,,,,,,,,,,1,,1
August,,,,,,,,,,,,,,,,,0
September,,,,,,,,,,,,,,1,,,1
October,,,,,,,,,,,,,,,2,,2
November,,,,,,,,,,,,,,1,,,1
December,,,,,,,,,,,,,,,,,0
Total,0,0,0,0,0,0,0,0,0,0,0,0,0,2,3,0,5
,,,,,,,,,,,,,,,,,
OTHER (EW),,,,,,,,,,,,,,,,,
,1997,1998,1999,2000,2001,2002,2003,2004,2005,2006,2007,2008,2009,2010,2011,2012,Total
January,,,,,,,,,,,,,,,,,0
February,,,,,,,1,,1,,,,,,,,2
March,,,,,,,,,,,,,,,,,0
April,,,,,2,,3,,,,1,,,,,,6
May,,,,,1,,,,,,,,,,,,1
June,,,,,,,,,,,,,,,,,0
July,,,,,,,,,,,,,,,,,0
August,,,,,,,,,1,,,,,,,,1
September,,,,,,,,,,,,,,,,,0
October,,,,,,,,,,,,,,,,,0
November,,,,,,,,,,,,,,,,,0
December,,,,,,,,,,3,,,,,,,3
Total,0,0,0,0,3,0,4,0,2,3,1,0,0,0,0,0,13
,,,,,,,,,,,,,,,,,
Grand Totals,12980,,,,,,,,,,,,,,,,
,,,,,,,,,,,,,,,,,
Employment-Based I-485 Inventory for Individuals Born in India as of May 3rd 2012,,,,,,,,,,,,,,,,,
This Employment-based pending I-485 inventory report is updated Quarterly,,,,,,,,,,,,,,,,,
1st Preference,,,,,,,,,,,,,,,,,
,1997,1998,1999,2000,2001,2002,2003,2004,2005,2006,2007,2008,2009,2010,2011,2012,Total
January,,,,,,,3,1,2,,,,5,12,36,307,366
February,,,,,,,5,1,2,2,2,1,,13,57,352,435
March,,,,,,1,,,,,5,2,10,17,53,536,624
April,,,,,,,,,,,7,2,2,20,66,315,412
May,,,,,,,,,,1,,2,3,30,75,,111
June,,,,,,,1,,,1,,4,2,20,97,,125
July,,,,,,,,,,1,3,5,9,21,99,,138
August,,,,,,,,,,1,5,3,2,19,168,,198
September,,,,,,,1,1,,,3,7,3,20,152,,187
October,,,,,4,,2,,,1,2,1,8,33,187,,238
November,,,,,,,,5,,5,,1,3,41,214,,269
December,,,,,,3,4,,2,1,3,,13,29,234,,289
Total,0,0,0,0,4,4,16,8,6,13,30,28,60,275,1438,1510,3392
,,,,,,,,,,,,,,,,,
2nd Preference,,,,,,,,,,,,,,,,,
,1997,1998,1999,2000,2001,2002,2003,2004,2005,2006,2007,2008,2009,2010,2011,2012,Total
January,,,,,1,3,12,20,8,31,57,1068,1301,1026,,,3527
February,,,,,,2,4,20,22,23,52,1017,1260,1089,,,3489
March,,2,,2,2,,13,21,76,55,53,1176,1384,1286,,,4070
April,,1,,,3,1,8,12,1,24,117,1491,1207,1511,,,4376
May,,,,,,2,9,16,,46,206,1338,1042,,,,2659
June,,,,1,3,2,4,14,3,33,311,1372,1069,,,,2812
July,1,,,,,,8,20,7,39,504,1193,984,,,,2756
August,,,,1,2,4,6,18,4,52,516,1175,801,,,,2579
September,,,,1,1,5,19,17,10,74,598,1066,1058,,,,2849
October,1,,,,3,8,15,20,14,49,711,1366,1143,,,,3330
November,,1,,,2,2,14,35,34,56,905,1279,993,,,,3321
December,,,,,,6,9,29,39,70,874,1595,1187,,,,3809
Total,2,4,0,5,17,35,121,242,218,552,4904,15136,13429,4912,0,0,39577
,,,,,,,,,,,,,,,,,
3rd Preference,,,,,,,,,,,,,,,,,
,1997,1998,1999,2000,2001,2002,2003,2004,2005,2006,2007,2008,2009,2010,2011,2012,Total
January,,3,,1,7,6,791,894,709,658,697,,,,,,3766
February,,,,,3,8,769,824,713,680,663,,,,,,3660
March,,1,,,3,9,847,1111,3050,869,619,,,,,,6509
April,1,,,,86,18,992,1075,31,705,597,,,,,,3505
May,,,,,4,24,955,942,104,798,573,,,,,,3400
June,,,2,3,3,18,889,971,143,802,518,,,,,,3349
July,,1,,1,1,29,856,1029,232,847,754,,,,,,3750
August,1,2,1,2,10,123,886,1010,421,815,247,,,,,,3518
September,,1,,,1,745,875,902,462,793,,,,,,,3779
October,,,,,3,759,1052,1142,514,969,,,,,,,4439
November,1,,,,3,788,984,1126,644,1143,,,,,,,4689
December,,,1,,3,890,1073,1370,689,1055,,,,,,,5081
Total,3,8,4,7,127,3417,10969,12396,7712,10134,4668,0,0,0,0,0,49445
,,,,,,,,,,,,,,,,,
4th Preference,,,,,,,,,,,,,,,,,
,1997,1998,1999,2000,2001,2002,2003,2004,2005,2006,2007,2008,2009,2010,2011,2011,Total
January,,,,,,,,,,,,,,,1,1,2
February,,,,,,,,,,2,,,,,1,,3
March,,,,,,,,,,,,1,1,,,,2
April,,,,,,,,,,,,,,,16,,16
May,,,,,,,,,,,,,,,11,,11
June,,,,,,,,,,,,,,,9,,9
July,,,,,,,,,,,,,,,3,,3
August,,,,,,,,,,,,,,,11,,11
September,,,,,,,,,,,,,,,8,,8
October,,,,,,,,,,,,,,,8,,8
November,,,,,,,,,,,,,,,2,,2
December,,,,,,,,,,,,,,1,,,1
Total,0,0,0,0,0,0,0,0,0,2,0,1,1,1,70,1,76
,,,,,,,,,,,,,,,,,
5th Preference,,,,,,,,,,,,,,,,,
,1997,1998,1999,2000,2001,2002,2003,2004,2005,2006,2007,2008,2009,2010,2011,2011,Total
January,,,,,,,,,,,,,,,,,0
February,,,,,,,2,,,,,,2,,,,4
March,,,,,,,,,,,,,,,,,0
April,,,,,,,,,,,,,,,,,0
May,,,,,,,,,,,,,,,,,0
June,,,,,,,,,,,,,,,,,0
July,,,,,,,,,,,,,,,,,0
August,,,,,,,,,,,,,,,,,0
September,,,,,,,,,,,,,,,,,0
October,,,,,,,,,,,,,,,,,0
November,,,,,,,,,,,,,,,,,0
December,,,,,,,,,,,,,,,,,0
Total,0,0,0,0,0,0,2,0,0,0,0,0,2,0,0,0,4
,,,,,,,,,,,,,,,,,
OTHER (EW),,,,,,,,,,,,,,,,,
,1997,1998,1999,2000,2001,2002,2003,2004,2005,2006,2007,2008,2009,2010,2011,2011,Total
January,,,,,,,2,5,1,3,,,,,,,11
February,,,,,,,6,2,,2,,,,,,,10
March,,,,,2,,2,1,1,4,,,,,,,10
April,,,,,10,,,1,,,,,,,,,11
May,,,,,,,,1,,,,,,,,,1
June,,,,,,,2,1,1,,,,,,,,4
July,,,,,,,,,,1,6,,,,,,7
August,,,,,,,1,1,,1,,,,,,,3
September,,,,,,6,,3,,1,,,,,,,10
October,,,,,,,3,2,5,1,,,,,,,11
November,,,,,,3,,4,,4,,,,,,,11
December,,,,,,,,1,,,,,,,,,1
Total,0,0,0,0,12,9,16,22,8,17,6,0,0,0,0,0,90
,,,,,,,,,,,,,,,,,
Grand Totals,92584,,,,,,,,,,,,,,,,
,,,,,,,,,,,,,,,,,
Employment-Based I-485 Inventory for Individuals Born in Mexico as of May 3rd 2012,,,,,,,,,,,,,,,,,
This Employment-based pending I-485 inventory report is updated Quarterly,,,,,,,,,,,,,,,,,
1st Preference,,,,,,,,,,,,,,,,,
,1997,1998,1999,2000,2001,2002,2003,2004,2005,2006,2007,2008,2009,2010,2011,2012,Total
January,,,,,,,,,,1,,,,4,11,57,73
February,,,,,,,,,,,,1,,4,9,89,103
March,,,,,,,,,,,3,,1,2,25,136,167
April,,,,,,,,,,,4,,,1,24,84,113
May,,,,1,,,,,,,5,4,3,7,22,,42
June,,,,,1,,,,,,,,,6,32,,39
July,,,,,,,,,,,1,,,5,37,,43
August,,,,,,,,,,,1,,,13,52,,66
September,,,,,,,,1,,,,1,1,9,32,,44
October,,,,,,,,,,,,,,11,51,,62
November,,,,,,,,,,,,1,,8,80,,89
December,,,,,1,,,,,,,,,9,63,,73
Total,0,0,0,1,2,0,0,1,0,1,14,7,5,79,438,366,914
,,,,,,,,,,,,,,,,,
2nd Preference,,,,,,,,,,,,,,,,,
,1997,1998,1999,2000,2001,2002,2003,2004,2005,2006,2007,2008,2009,2010,2011,2012,Total
January,,,,,,,,,,,1,,,1,3,30,35
February,,,,,,,,,,,,2,1,6,11,19,39
March,,,1,,,,,,,,3,1,,,10,29,44
April,,,,,2,,,,,,,1,3,1,10,12,29
May,,,,,,,,,,,,4,,5,33,,42
June,,,,,,,,,,,,,,3,20,,23
July,,,,,,,,1,,,1,,9,,16,,27
August,,,,,,,,,,,1,,,1,43,,45
September,,,,,,,,,,,,2,5,,47,,54
October,,,,,,,,,,3,4,,3,2,45,,57
November,,,,,,,,,,,,,,7,8,,15
December,,,,,,,,,,,,8,3,3,15,,29
Total,0,0,1,0,2,0,0,1,0,3,10,18,24,29,261,90,439
,,,,,,,,,,,,,,,,,
3rd Preference,,,,,,,,,,,,,,,,,
,1997,1998,1999,2000,2001,2002,2003,2004,2005,2006,2007,2008,2009,2010,2011,2012,Total
January,,,,,2,,15,22,15,21,66,,,,,,141
February,,1,,,2,,6,13,4,40,129,,,,,,195
March,,,,,7,2,1,22,36,63,120,,,,,,251
April,1,,,,156,6,2,12,,186,92,,,,,,455
May,,1,,,3,4,5,13,1,136,181,,,,,,344
June,,,,,1,5,11,8,11,171,104,,,,,,311
July,,,2,,,4,6,27,8,130,110,,,,,,287
August,,2,,,,1,5,11,33,192,31,,,,,,275
September,,,,,3,6,6,7,17,156,,,,,,,195
October,,,,,,7,11,7,18,121,,,,,,,164
November,,1,,,3,1,10,8,27,149,,,,,,,199
December,,,,,1,7,16,10,58,104,,,,,,,196
(blank),,,,,,,,,,,,,,,,,0
Total,1,5,2,0,178,43,94,160,228,1469,833,0,0,0,0,0,3013
,,,,,,,,,,,,,,,,,
4th Preference,,,,,,,,,,,,,,,,,
,1997,1998,1999,2000,2001,2002,2003,2004,2005,2006,2007,2008,2009,2010,2011,2012,Total
January,,,,,,,,,,,,,,,,3,3
February,,,,,,,,,,,,,,,,1,1
March,,,,,,,,1,,,,,,10,7,3,21
April,,,,,,,,1,,,,,,5,1,,7
May,,,,,,,,,,,,,,,4,,4
June,,,,,,,,,,,,,,1,1,,2
July,,,,,,,,,,,,,,,2,,2
August,,,,,,,,,,,,,,,6,,6
September,,,,,,,,,,,,,,1,,,1
October,,,,,,,,,,,,,,1,2,,3
November,,,,,,,,,,,,1,1,,3,,5
December,,,,,,,,,,,,,,,3,,3
Total,0,0,0,0,0,0,0,2,0,0,0,1,1,18,29,7,58
,,,,,,,,,,,,,,,,,
5th Preference,,,,,,,,,,,,,,,,,
,1997,1998,1999,2000,2001,2002,2003,2004,2005,2006,2007,2008,2009,2010,2011,2012,Total
January,,,,,,,,,,,,,,,,,0
February,,,,,,,,,,,,,,,,,0
March,,,,,,,,,,,,,,,,,0
April,,,,,,,,,,,,,,,,,0
May,,,,,,,,,,,,,,,,,0
June,,,,,,,,,,,,,,,,,0
July,,,,,,,,,,,,,,,,,0
August,,,,,,,,,,,,,,,,,0
September,,,,,,,,,,,,,,,,,0
October,,,,,,,,,,,,,,,,,0
November,,,,,,,,,,,,,,,,,0
December,,,,,,,,,,,,,,,,,0
Total,0,0,0,0,0,0,0,0,0,0,0,0,0,0,0,0,0
,,,,,,,,,,,,,,,,,
OTHER (EW),,,,,,,,,,,,,,,,,
,1997,1998,1999,2000,2001,2002,2003,2004,2005,2006,2007,2008,2009,2010,2011,2012,Total
January,,,,,,3,1,6,4,11,2,,,,,,27
February,,,,,,1,1,4,5,19,,,,,,,30
March,,,,,,,1,12,28,24,,,,,,,65
April,,,,,51,7,,9,,12,,,,,,,79
May,,,,,3,2,3,1,,,,,,,,,9
June,,,,,,5,9,2,1,,,,,,,,17
July,,,,,1,,9,5,1,2,,,,,,,18
August,,1,,,1,,5,3,4,1,,,,,,,15
September,,,,,1,2,11,3,6,,,,,,,,23
October,,,,,,1,3,3,2,3,,,,,,,12
November,,,,,,,10,6,,,,,,,,,16
December,,,,,2,,2,6,1,1,,,,,,,12
Total,0,1,0,0,59,21,55,60,52,73,2,0,0,0,0,0,323
,,,,,,,,,,,,,,,,,
Grand Totals,4747,,,,,,,,,,,,,,,,
,,,,,,,,,,,,,,,,,
Employment-Based I-485 Inventory for Individuals Born in Philippines as of May 3rd 2012,,,,,,,,,,,,,,,,,
This Employment-based pending I-485 inventory report is updated Quarterly,,,,,,,,,,,,,,,,,
1st Preference,,,,,,,,,,,,,,,,,
,1997,1998,1999,2000,2001,2002,2003,2004,2005,2006,2007,2008,2009,2010,2011,2012,Total
January,,,,,,,,,,,,,,1,5,11,17
February,,,,,,,,,,,,,,,4,9,13
March,,,,,,,,,,,,,,1,2,13,16
April,,,,,,,,,,,,,,,4,2,6
May,,,,,,,,,,,1,,,,1,,2
June,,,,,1,,,,,,,,1,,10,,12
July,,,,,,,,,,,,,,,9,,9
August,,,,,,,,,,,,,,,9,,9
September,,,,,,,,,,,,,,,7,,7
October,,,,,,,,,,,,,,4,,,4
November,,,,,,,,,,,,,,3,11,,14
December,,,,,,,,,,,,,1,2,2,,5
Total,0,0,0,0,1,0,0,0,0,0,1,0,2,11,64,35,114
,,,,,,,,,,,,,,,,,
2nd Preference,,,,,,,,,,,,,,,,,
,1997,1998,1999,2000,2001,2002,2003,2004,2005,2006,2007,2008,2009,2010,2011,2012,Total
January,,,,,,,,,,,7,4,9,4,11,75,110
February,,,,,,,,,,,1,,4,13,22,88,128
March,,,,,,,,,,,1,1,2,6,37,111,158
April,,,,,,,,,,3,,8,6,9,45,74,145
May,,,,,,,,,,2,11,6,11,2,54,1,87
June,,,,,,,,,,1,4,3,2,24,62,,96
July,,,,,,,,,,3,6,8,5,8,49,,79
August,,,,,,,,,1,2,5,7,4,16,94,,129
September,,,,,,,,,,5,2,1,8,13,67,,96
October,,,,,,,,,,,7,16,8,2,95,,128
November,,,,,,,,,,3,,1,5,14,53,,76
December,,,,,,,,,,3,6,2,6,22,77,,116
Total,0,0,0,0,0,0,0,0,1,22,50,57,70,133,666,349,1348
,,,,,,,,,,,,,,,,,
3rd Preference,,,,,,,,,,,,,,,,,
,1997,1998,1999,2000,2001,2002,2003,2004,2005,2006,2007,2008,2009,2010,2011,2012,Total
January,,,,,1,3,2,8,9,24,250,,,,,,297
February,,,,,,,6,9,7,55,220,,,,,,297
March,,,,,,,1,6,22,118,249,,,,,,396
April,,,,,18,2,,9,4,336,274,,,,,,643
May,,,,,,,2,8,3,325,319,,,,,,657
June,,,,,,,4,16,,303,264,,,,,,587
July,,,,,1,1,3,16,8,496,719,,,,,,1244
August,,,,,2,4,5,9,12,422,93,,,,,,547
September,,,,,,1,11,5,2,450,,,,,,,469
October,,,,,,,1,2,14,588,,,,,,,605
November,,,,,,,11,6,14,337,,,,,,,368
December,,,,,2,3,13,9,24,292,,,,,,,343
Total,0,0,0,0,24,14,59,103,119,3746,2388,0,0,0,0,0,6453
,,,,,,,,,,,,,,,,,
,,,,,,,,,,,,,,,,,
4th Preference,,,,,,,,,,,,,,,,,
,1997,1998,1999,2000,2001,2002,2003,2004,2005,2006,2007,2008,2009,2010,2011,2012,Total
January,,,,,,,,,,,,,,,6,3,9
February,,,,,,,,,,,,,,,,,0
March,,,,,,,,,,,,,,,3,,3
April,,,,,,,,,,,,,,,,,0
May,,,,,,,,,,2,,,,,,,2
June,,,,,,,,,,,,,,,,,0
July,,,,,,,,,,,,,,,2,,2
August,,,,,,,,,,,,,,,6,,6
September,,,,,,,,,,,,,,,9,,9
October,,,,,,,2,,,,,,,,1,,3
November,,,,,,,,,,,,,,1,2,,3
December,,,,,,,,,,,,,,,3,,3
Total,0,0,0,0,0,0,2,0,0,2,0,0,0,1,32,3,40
,,,,,,,,,,,,,,,,,
5th Preference,,,,,,,,,,,,,,,,,
,1997,1998,1999,2000,2001,2002,2003,2004,2005,2006,2007,2008,2009,2010,2011,2012,Total
January,,,,,,,,,,,,,,,,,0
February,,,,,,,,,,,,,,,,,0
March,,,,,,,,,,,,,,,,,0
April,,,,,,,,,,,,,,,,,0
May,,,,,,,,,,,,,,,,,0
June,,,,,,,,,,,,,,,,,0
July,,,,,,,,,,,,,,,,,0
August,,,,,,,,,,,,,,,,,0
September,,,,,,,,,,,,,,,,,0
October,,,,,,,,,,,,,,,,,0
November,,,,,,,,,,,,,,,,,0
December,,,,,,,,,,,,,,,,,0
Total,0,0,0,0,0,0,0,0,0,0,0,0,0,0,0,0,0
,,,,,,,,,,,,,,,,,
OTHER (EW),,,,,,,,,,,,,,,,,
,1997,1998,1999,2000,2001,2002,2003,2004,2005,2006,2007,2008,2009,2010,2011,2012,Total
January,,,,,1,3,,5,1,7,1,,,,,,18
February,,,,,,1,1,2,2,10,,,,,,,16
March,,,,,,1,1,4,6,17,3,,,,,,32
April,,,,,3,1,,4,,15,,,,,,,23
May,,,,,,2,2,5,,2,,,,,,,11
June,,,,,,1,2,9,1,1,,,,,,,14
July,,,1,,,,,,3,2,4,,,,,,10
August,,,,,1,1,2,2,7,,,,,,,,13
September,,,,,2,,7,1,8,1,,,,,,,19
October,,,,,,2,2,3,1,,,,,,,,8
November,,,,,,,1,11,6,6,,,,,,,24
December,,,,,,,3,6,13,,,,,,,,22
Total,0,0,1,0,7,12,21,52,48,61,8,0,0,0,0,0,210
,,,,,,,,,,,,,,,,,
Grand Totals,8165,,,,,,,,,,,,,,,,
