country,preference_category,priority_year,report_date,total_pending,prev_pending,prev_date,delta,days_elapsed,depletion_per_day
India,EB2,2005,2024-03-03,20.0,20.0,2024-02-22,0.0,10.0,0.0
India,EB2,2005,2024-04-03,20.0,20.0,2024-03-03,0.0,31.0,0.0
India,EB2,2005,2024-05-03,25.0,20.0,2024-04-03,5.0,30.0,0.16666666666666666
India,EB2,2005,2024-06-03,20.0,25.0,2024-05-03,-5.0,31.0,-0.16129032258064516
India,EB2,2005,2024-07-03,25.0,20.0,2024-06-03,5.0,30.0,0.16666666666666666
India,EB2,2005,2024-08-03,25.0,25.0,2024-07-03,0.0,31.0,0.0
India,EB2,2005,2024-09-03,25.0,25.0,2024-08-03,0.0,31.0,0.0
India,EB2,2005,2024-10-03,25.0,25.0,2024-09-03,0.0,30.0,0.0
India,EB2,2005,2024-11-03,25.0,25.0,2024-10-03,0.0,31.0,0.0
India,EB2,2005,2024-12-03,25.0,25.0,2024-11-03,0.0,30.0,0.0
India,EB2,2005,2025-01-03,25.0,25.0,2024-12-03,0.0,31.0,0.0
India,EB2,2005,2025-02-03,20.0,25.0,2025-01-03,-5.0,31.0,-0.16129032258064516
India,EB2,2005,2025-03-03,20.0,20.0,2025-02-03,0.0,28.0,0.0
India,EB2,2005,2025-04-07,20.0,20.0,2025-03-03,0.0,35.0,0.0
India,EB2,2005,2025-05-05,15.0,20.0,2025-04-07,-5.0,28.0,-0.17857142857142858
India,EB2,2005,2025-08-05,25.0,15.0,2025-05-05,10.0,92.0,0.10869565217391304
India,EB2,2005,2025-09-03,25.0,25.0,2025-08-05,0.0,29.0,0.0
India,EB2,2005,2025-10-02,25.0,25.0,2025-09-03,0.0,29.0,0.0
India,EB2,2005,2025-11-03,25.0,25.0,2025-10-02,0.0,32.0,0.0
India,EB2,2005,2025-12-03,25.0,25.0,2025-11-03,0.0,30.0,0.0
India,EB2,2005,2026-01-02,25.0,25.0,2025-12-03,0.0,30.0,0.0
India,EB2,2005,2026-02-03,25.0,25.0,2026-01-02,0.0,32.0,0.0
India,EB2,2005,2026-03-03,25.0,25.0,2026-02-03,0.0,28.0,0.0
India,EB2,2006,2024-03-03,20.0,20.0,2024-02-22,0.0,10.0,0.0
India,EB2,2006,2024-04-03,20.0,20.0,2024-03-03,0.0,31.0,0.0
India,EB2,2006,2024-05-03,20.0,20.0,2024-04-03,0.0,30.0,0.0
India,EB2,2006,2024-06-03,20.0,20.0,2024-05-03,0.0,31.0,0.0
India,EB2,2006,2024-07-03,20.0,20.0,2024-06-03,0.0,30.0,0.0
India,EB2,2006,2024-08-03,20.0,20.0,2024-07-03,0.0,31.0,0.0
India,EB2,2006,2024-09-03,20.0,20.0,2024-08-03,0.0,31.0,0.0
India,EB2,2006,2024-10-03,20.0,20.0,2024-09-03,0.0,30.0,0.0
India,EB2,2006,2024-11-03,20.0,20.0,2024-10-03,0.0,31.0,0.0
India,EB2,2006,2024-12-03,20.0,20.0,2024-11-03,0.0,30.0,0.0
India,EB2,2006,2025-01-03,20.0,20.0,2024-12-03,0.0,31.0,0.0
India,EB2,2006,2025-02-03,25.0,20.0,2025-01-03,5.0,31.0,0.16129032258064516
India,EB2,2006,2025-03-03,25.0,25.0,2025-02-03,0.0,28.0,0.0
India,EB2,2006,2025-04-07,25.0,25.0,2025-03-03,0.0,35.0,0.0
India,EB2,2006,2025-05-05,20.0,25.0,2025-04-07,-5.0,28.0,-0.17857142857142858
India,EB2,2006,2025-08-05,40.0,20.0,2025-05-05,20.0,92.0,0.21739130434782608
India,EB2,2006,2025-09-03,35.0,40.0,2025-08-05,-5.0,29.0,-0.1724137931034483
India,EB2,2006,2025-10-02,35.0,35.0,2025-09-03,0.0,29.0,0.0
India,EB2,2006,2025-11-03,35.0,35.0,2025-10-02,0.0,32.0,0.0
India,EB2,2006,2025-12-03,40.0,35.0,2025-11-03,5.0,30.0,0.16666666666666666
India,EB2,2006,2026-01-02,40.0,40.0,2025-12-03,0.0,30.0,0.0
India,EB2,2006,2026-02-03,40.0,40.0,2026-01-02,0.0,32.0,0.0
India,EB2,2006,2026-03-03,40.0,40.0,2026-02-03,0.0,28.0,0.0
India,EB2,2006,2026-04-03,35.0,40.0,2026-03-03,-5.0,31.0,-0.16129032258064516
India,EB2,2007,2024-03-03,30.0,35.0,2024-02-22,-5.0,10.0,-0.5
India,EB2,2007,2024-04-03,35.0,30.0,2024-03-03,5.0,31.0,0.16129032258064516
India,EB2,2007,2024-05-03,35.0,35.0,2024-04-03,0.0,30.0,0.0
India,EB2,2007,2024-06-03,40.0,35.0,2024-05-03,5.0,31.0,0.16129032258064516
India,EB2,2007,2024-07-03,35.0,40.0,2024-06-03,-5.0,30.0,-0.16666666666666666
India,EB2,2007,2024-08-03,30.0,35.0,2024-07-03,-5.0,31.0,-0.16129032258064516
India,EB2,2007,2024-09-03,30.0,30.0,2024-08-03,0.0,31.0,0.0
India,EB2,2007,2024-10-03,25.0,30.0,2024-09-03,-5.0,30.0,-0.16666666666666666
India,EB2,2007,2024-11-03,35.0,25.0,2024-10-03,10.0,31.0,0.3225806451612903
India,EB2,2007,2024-12-03,30.0,35.0,2024-11-03,-5.0,30.0,-0.16666666666666666
India,EB2,2007,2025-01-03,30.0,30.0,2024-12-03,0.0,31.0,0.0
India,EB2,2007,2025-02-03,30.0,30.0,2025-01-03,0.0,31.0,0.0
India,EB2,2007,2025-03-03,25.0,30.0,2025-02-03,-5.0,28.0,-0.17857142857142858
India,EB2,2007,2025-04-07,25.0,25.0,2025-03-03,0.0,35.0,0.0
India,EB2,2007,2025-05-05,30.0,25.0,2025-04-07,5.0,28.0,0.17857142857142858
India,EB2,2007,2025-08-05,40.0,30.0,2025-05-05,10.0,92.0,0.10869565217391304
India,EB2,2007,2025-09-03,35.0,40.0,2025-08-05,-5.0,29.0,-0.1724137931034483
India,EB2,2007,2025-10-02,35.0,35.0,2025-09-03,0.0,29.0,0.0
India,EB2,2007,2025-11-03,35.0,35.0,2025-10-02,0.0,32.0,0.0
India,EB2,2007,2025-12-03,35.0,35.0,2025-11-03,0.0,30.0,0.0
India,EB2,2007,2026-01-02,40.0,35.0,2025-12-03,5.0,30.0,0.16666666666666666
India,EB2,2007,2026-02-03,40.0,40.0,2026-01-02,0.0,32.0,0.0
India,EB2,2007,2026-03-03,40.0,40.0,2026-02-03,0.0,28.0,0.0
India,EB2,2007,2026-04-03,40.0,40.0,2026-03-03,0.0,31.0,0.0
India,EB2,2008,2024-03-03,30.0,30.0,2024-02-22,0.0,10.0,0.0
India,EB2,2008,2024-04-03,30.0,30.0,2024-03-03,0.0,31.0,0.0
India,EB2,2008,2024-05-03,25.0,30.0,2024-04-03,-5.0,30.0,-0.16666666666666666
India,EB2,2008,2024-06-03,30.0,25.0,2024-05-03,5.0,31.0,0.16129032258064516
India,EB2,2008,2024-07-03,30.0,30.0,2024-06-03,0.0,30.0,0.0
India,EB2,2008,2024-08-03,30.0,30.0,2024-07-03,0.0,31.0,0.0
India,EB2,2008,2024-09-03,30.0,30.0,2024-08-03,0.0,31.0,0.0
India,EB2,2008,2024-10-03,35.0,30.0,2024-09-03,5.0,30.0,0.16666666666666666
India,EB2,2008,2024-11-03,35.0,35.0,2024-10-03,0.0,31.0,0.0
India,EB2,2008,2024-12-03,30.0,35.0,2024-11-03,-5.0,30.0,-0.16666666666666666
India,EB2,2008,2025-01-03,25.0,30.0,2024-12-03,-5.0,31.0,-0.16129032258064516
India,EB2,2008,2025-02-03,30.0,25.0,2025-01-03,5.0,31.0,0.16129032258064516
India,EB2,2008,2025-03-03,35.0,30.0,2025-02-03,5.0,28.0,0.17857142857142858
India,EB2,2008,2025-04-07,40.0,35.0,2025-03-03,5.0,35.0,0.14285714285714285
India,EB2,2008,2025-05-05,30.0,40.0,2025-04-07,-10.0,28.0,-0.35714285714285715
India,EB2,2008,2025-08-05,25.0,30.0,2025-05-05,-5.0,92.0,-0.05434782608695652
India,EB2,2008,2025-09-03,30.0,25.0,2025-08-05,5.0,29.0,0.1724137931034483
India,EB2,2008,2025-10-02,30.0,30.0,2025-09-03,0.0,29.0,0.0
India,EB2,2008,2025-11-03,30.0,30.0,2025-10-02,0.0,32.0,0.0
India,EB2,2008,2025-12-03,30.0,30.0,2025-11-03,0.0,30.0,0.0
India,EB2,2008,2026-01-02,30.0,30.0,2025-12-03,0.0,30.0,0.0
India,EB2,2008,2026-02-03,30.0,30.0,2026-01-02,0.0,32.0,0.0
India,EB2,2008,2026-03-03,30.0,30.0,2026-02-03,0.0,28.0,0.0
India,EB2,2008,2026-04-03,30.0,30.0,2026-03-03,0.0,31.0,0.0
India,EB2,2009,2024-03-03,50.0,50.0,2024-02-22,0.0,10.0,0.0
India,EB2,2009,2024-04-03,50.0,50.0,2024-03-03,0.0,31.0,0.0
India,EB2,2009,2024-05-03,50.0,50.0,2024-04-03,0.0,30.0,0.0
India,EB2,2009,2024-06-03,50.0,50.0,2024-05-03,0.0,31.0,0.0
India,EB2,2009,2024-07-03,50.0,50.0,2024-06-03,0.0,30.0,0.0
India,EB2,2009,2024-08-03,50.0,50.0,2024-07-03,0.0,31.0,0.0
India,EB2,2009,2024-09-03,45.0,50.0,2024-08-03,-5.0,31.0,-0.16129032258064516
India,EB2,2009,2024-10-03,50.0,45.0,2024-09-03,5.0,30.0,0.16666666666666666
India,EB2,2009,2024-11-03,50.0,50.0,2024-10-03,0.0,31.0,0.0
India,EB2,2009,2024-12-03,45.0,50.0,2024-11-03,-5.0,30.0,-0.16666666666666666
India,EB2,2009,2025-01-03,45.0,45.0,2024-12-03,0.0,31.0,0.0
India,EB2,2009,2025-02-03,45.0,45.0,2025-01-03,0.0,31.0,0.0
India,EB2,2009,2025-03-03,35.0,45.0,2025-02-03,-10.0,28.0,-0.35714285714285715
India,EB2,2009,2025-04-07,40.0,35.0,2025-03-03,5.0,35.0,0.14285714285714285
India,EB2,2009,2025-05-05,40.0,40.0,2025-04-07,0.0,28.0,0.0
India,EB2,2009,2025-08-05,30.0,40.0,2025-05-05,-10.0,92.0,-0.10869565217391304
India,EB2,2009,2025-09-03,25.0,30.0,2025-08-05,-5.0,29.0,-0.1724137931034483
India,EB2,2009,2025-10-02,30.0,25.0,2025-09-03,5.0,29.0,0.1724137931034483
India,EB2,2009,2025-11-03,30.0,30.0,2025-10-02,0.0,32.0,0.0
India,EB2,2009,2025-12-03,25.0,30.0,2025-11-03,-5.0,30.0,-0.16666666666666666
India,EB2,2009,2026-01-02,30.0,25.0,2025-12-03,5.0,30.0,0.16666666666666666
India,EB2,2009,2026-02-03,30.0,30.0,2026-01-02,0.0,32.0,0.0
India,EB2,2009,2026-03-03,35.0,30.0,2026-02-03,5.0,28.0,0.17857142857142858
India,EB2,2009,2026-04-03,30.0,35.0,2026-03-03,-5.0,31.0,-0.16129032258064516
India,EB2,2010,2024-03-03,203.0,216.0,2024-02-22,-13.0,10.0,-1.3
India,EB2,2010,2024-04-03,206.0,203.0,2024-03-03,3.0,31.0,0.0967741935483871
India,EB2,2010,2024-05-03,155.0,206.0,2024-04-03,-51.0,30.0,-1.7
India,EB2,2010,2024-06-03,163.0,155.0,2024-05-03,8.0,31.0,0.25806451612903225
India,EB2,2010,2024-07-03,179.0,163.0,2024-06-03,16.0,30.0,0.5333333333333333
India,EB2,2010,2024-08-03,153.0,179.0,2024-07-03,-26.0,31.0,-0.8387096774193549
India,EB2,2010,2024-09-03,131.0,153.0,2024-08-03,-22.0,31.0,-0.7096774193548387
India,EB2,2010,2024-10-03,119.0,131.0,2024-09-03,-12.0,30.0,-0.4
India,EB2,2010,2024-11-03,104.0,119.0,2024-10-03,-15.0,31.0,-0.4838709677419355
India,EB2,2010,2024-12-03,109.0,104.0,2024-11-03,5.0,30.0,0.16666666666666666
India,EB2,2010,2025-01-03,96.0,109.0,2024-12-03,-13.0,31.0,-0.41935483870967744
India,EB2,2010,2025-02-03,103.0,96.0,2025-01-03,7.0,31.0,0.22580645161290322
India,EB2,2010,2025-03-03,90.0,103.0,2025-02-03,-13.0,28.0,-0.4642857142857143
India,EB2,2010,2025-04-07,94.0,90.0,2025-03-03,4.0,35.0,0.11428571428571428
India,EB2,2010,2025-05-05,92.0,94.0,2025-04-07,-2.0,28.0,-0.07142857142857142
India,EB2,2010,2025-08-05,87.0,92.0,2025-05-05,-5.0,92.0,-0.05434782608695652
India,EB2,2010,2025-09-03,82.0,87.0,2025-08-05,-5.0,29.0,-0.1724137931034483
India,EB2,2010,2025-10-02,75.0,82.0,2025-09-03,-7.0,29.0,-0.2413793103448276
India,EB2,2010,2025-11-03,83.0,75.0,2025-10-02,8.0,32.0,0.25
India,EB2,2010,2025-12-03,74.0,83.0,2025-11-03,-9.0,30.0,-0.3
India,EB2,2010,2026-01-02,74.0,74.0,2025-12-03,0.0,30.0,0.0
India,EB2,2010,2026-02-03,70.0,74.0,2026-01-02,-4.0,32.0,-0.125
India,EB2,2010,2026-03-03,70.0,70.0,2026-02-03,0.0,28.0,0.0
India,EB2,2010,2026-04-03,64.0,70.0,2026-03-03,-6.0,31.0,-0.1935483870967742
India,EB2,2011,2024-03-03,584.0,610.0,2024-02-22,-26.0,10.0,-2.6
India,EB2,2011,2024-04-03,532.0,584.0,2024-03-03,-52.0,31.0,-1.6774193548387097
India,EB2,2011,2024-05-03,386.0,532.0,2024-04-03,-146.0,30.0,-4.866666666666666
India,EB2,2011,2024-06-03,420.0,386.0,2024-05-03,34.0,31.0,1.096774193548387
India,EB2,2011,2024-07-03,434.0,420.0,2024-06-03,14.0,30.0,0.4666666666666667
India,EB2,2011,2024-08-03,372.0,434.0,2024-07-03,-62.0,31.0,-2.0
India,EB2,2011,2024-09-03,313.0,372.0,2024-08-03,-59.0,31.0,-1.903225806451613
India,EB2,2011,2024-10-03,320.0,313.0,2024-09-03,7.0,30.0,0.23333333333333334
India,EB2,2011,2024-11-03,310.0,320.0,2024-10-03,-10.0,31.0,-0.3225806451612903
India,EB2,2011,2024-12-03,290.0,310.0,2024-11-03,-20.0,30.0,-0.6666666666666666
India,EB2,2011,2025-01-03,282.0,290.0,2024-12-03,-8.0,31.0,-0.25806451612903225
India,EB2,2011,2025-02-03,255.0,282.0,2025-01-03,-27.0,31.0,-0.8709677419354839
India,EB2,2011,2025-03-03,218.0,255.0,2025-02-03,-37.0,28.0,-1.3214285714285714
India,EB2,2011,2025-04-07,189.0,218.0,2025-03-03,-29.0,35.0,-0.8285714285714286
India,EB2,2011,2025-05-05,182.0,189.0,2025-04-07,-7.0,28.0,-0.25
India,EB2,2011,2025-08-05,162.0,182.0,2025-05-05,-20.0,92.0,-0.21739130434782608
India,EB2,2011,2025-09-03,119.0,162.0,2025-08-05,-43.0,29.0,-1.4827586206896552
India,EB2,2011,2025-10-02,143.0,119.0,2025-09-03,24.0,29.0,0.8275862068965517
India,EB2,2011,2025-11-03,136.0,143.0,2025-10-02,-7.0,32.0,-0.21875
India,EB2,2011,2025-12-03,151.0,136.0,2025-11-03,15.0,30.0,0.5
India,EB2,2011,2026-01-02,143.0,151.0,2025-12-03,-8.0,30.0,-0.26666666666666666
India,EB2,2011,2026-02-03,141.0,143.0,2026-01-02,-2.0,32.0,-0.0625
India,EB2,2011,2026-03-03,129.0,141.0,2026-02-03,-12.0,28.0,-0.42857142857142855
India,EB2,2011,2026-04-03,104.0,129.0,2026-03-03,-25.0,31.0,-0.8064516129032258
India,EB2,2012,2024-03-03,254.0,309.0,2024-02-22,-55.0,10.0,-5.5
India,EB2,2012,2024-04-03,653.0,254.0,2024-03-03,399.0,31.0,12.870967741935484
India,EB2,2012,2024-05-03,481.0,653.0,2024-04-03,-172.0,30.0,-5.733333333333333
India,EB2,2012,2024-06-03,460.0,481.0,2024-05-03,-21.0,31.0,-0.6774193548387096
India,EB2,2012,2024-07-03,855.0,460.0,2024-06-03,395.0,30.0,13.166666666666666
India,EB2,2012,2024-08-03,1043.0,855.0,2024-07-03,188.0,31.0,6.064516129032258
India,EB2,2012,2024-09-03,670.0,1043.0,2024-08-03,-373.0,31.0,-12.03225806451613
India,EB2,2012,2024-10-03,483.0,670.0,2024-09-03,-187.0,30.0,-6.233333333333333
India,EB2,2012,2024-11-03,403.0,483.0,2024-10-03,-80.0,31.0,-2.5806451612903225
India,EB2,2012,2024-12-03,580.0,403.0,2024-11-03,177.0,30.0,5.9
India,EB2,2012,2025-01-03,1482.0,580.0,2024-12-03,902.0,31.0,29.096774193548388
India,EB2,2012,2025-02-03,1608.0,1482.0,2025-01-03,126.0,31.0,4.064516129032258
India,EB2,2012,2025-03-03,2255.0,1608.0,2025-02-03,647.0,28.0,23.107142857142858
India,EB2,2012,2025-04-07,2607.0,2255.0,2025-03-03,352.0,35.0,10.057142857142857
India,EB2,2012,2025-05-05,1837.0,2607.0,2025-04-07,-770.0,28.0,-27.5
India,EB2,2012,2025-08-05,681.0,1837.0,2025-05-05,-1156.0,92.0,-12.565217391304348
India,EB2,2012,2025-09-03,559.0,681.0,2025-08-05,-122.0,29.0,-4.206896551724138
India,EB2,2012,2025-10-02,553.0,559.0,2025-09-03,-6.0,29.0,-0.20689655172413793
India,EB2,2012,2025-11-03,464.0,553.0,2025-10-02,-89.0,32.0,-2.78125
India,EB2,2012,2025-12-03,448.0,464.0,2025-11-03,-16.0,30.0,-0.5333333333333333
India,EB2,2012,2026-01-02,420.0,448.0,2025-12-03,-28.0,30.0,-0.9333333333333333
India,EB2,2012,2026-02-03,387.0,420.0,2026-01-02,-33.0,32.0,-1.03125
India,EB2,2012,2026-03-03,344.0,387.0,2026-02-03,-43.0,28.0,-1.5357142857142858
India,EB2,2012,2026-04-03,321.0,344.0,2026-03-03,-23.0,31.0,-0.7419354838709677
India,EB2,2013,2025-10-02,1752.0,5.0,2025-03-03,1747.0,213.0,8.2018779342723
India,EB2,2013,2025-11-03,1441.0,1752.0,2025-10-02,-311.0,32.0,-9.71875
India,EB2,2013,2025-12-03,1889.0,1441.0,2025-11-03,448.0,30.0,14.933333333333334
India,EB2,2013,2026-01-02,2988.0,1889.0,2025-12-03,1099.0,30.0,36.63333333333333
India,EB2,2013,2026-02-03,2511.0,2988.0,2026-01-02,-477.0,32.0,-14.90625
India,EB2,2013,2026-03-03,3768.0,2511.0,2026-02-03,1257.0,28.0,44.892857142857146
India,EB2,2013,2026-04-03,7670.0,3768.0,2026-03-03,3902.0,31.0,125.87096774193549
India,EB2,2014,2026-03-03,0.0,0.0,2026-02-03,0.0,28.0,0.0
India,EB2,2014,2026-04-03,8467.0,0.0,2026-03-03,8467.0,31.0,273.1290322580645
