priority_year,snapshot_date,pending,projected_clear_date,months_to_clear,regime,note,actual_clear_date,error_months,abs_error_months,depletion_per_day,spread_days
2005,2024-02-22,55.0,,,eb3_ahead,insufficient data,2024-03-01,,,,
2006,2024-02-22,65.0,,,eb3_ahead,insufficient data,2024-03-01,,,,
2007,2024-02-22,70.0,,,eb3_ahead,insufficient data,2024-03-01,,,,
2008,2024-02-22,80.0,,,eb3_ahead,insufficient data,2024-03-01,,,,
2009,2024-02-22,100.0,,,eb3_ahead,insufficient data,2024-03-01,,,,
2010,2024-02-22,271.0,,,eb3_ahead,insufficient data,2024-03-01,,,,
2011,2024-02-22,930.0,,,eb3_ahead,insufficient data,2024-03-01,,,,
2012,2024-02-22,1352.0,,,eb3_ahead,insufficient data,2024-03-01,,,,
2005,2024-03-03,55.0,,,eb3_ahead,insufficient data,2024-04-01,,,,
2006,2024-03-03,65.0,,,eb3_ahead,insufficient data,2024-04-01,,,,
2007,2024-03-03,65.0,,,eb3_ahead,insufficient data,2024-04-01,,,,
2008,2024-03-03,75.0,,,eb3_ahead,insufficient data,2024-04-01,,,,
2009,2024-03-03,100.0,,,eb3_ahead,insufficient data,2024-04-01,,,,
2010,2024-03-03,258.0,,,eb3_ahead,insufficient data,2024-04-01,,,,
2011,2024-03-03,842.0,,,eb3_ahead,insufficient data,2024-04-01,,,,
2012,2024-03-03,1262.0,,,eb3_ahead,insufficient data,2024-04-01,,,,
2005,2024-04-03,55.0,,,eb3_ahead,insufficient data,2024-05-01,,,,
2006,2024-04-03,65.0,,,eb3_ahead,insufficient data,2024-05-01,,,,
2007,2024-04-03,70.0,,,eb3_ahead,insufficient data,2024-05-01,,,,
2008,2024-04-03,75.0,,,eb3_ahead,insufficient data,2024-05-01,,,,
2009,2024-04-03,100.0,,,eb3_ahead,insufficient data,2024-05-01,,,,
2010,2024-04-03,261.0,,,eb3_ahead,insufficient data,2024-05-01,,,,
2011,2024-04-03,759.0,,,eb3_ahead,insufficient data,2024-05-01,,,,
2012,2024-04-03,2204.0,,,eb3_ahead,insufficient data,2024-05-01,,,,
2005,2024-05-03,51.86666666666667,,,eb3_ahead,queue not shrinking,2024-06-01,,,,
2006,2024-05-03,52.0,2026-05-09 12:09:36.000000000,24.2,eb3_ahead,eb3_ahead: pending adjusted 60->52,2024-06-01,23.2,23.2,-0.07,-122.0
2007,2024-05-03,60.51111111111111,,,eb3_ahead,queue not shrinking,2024-06-01,,,,
2008,2024-05-03,56.0,2025-01-23 23:03:28.000000000,8.7,eb3_ahead,eb3_ahead: pending adjusted 65->56,2024-06-01,7.8,7.8,-0.21,-122.0
2009,2024-05-03,82.0,2027-07-13 03:15:11.999999968,38.3,eb3_ahead,eb3_ahead: pending adjusted 95->82,2024-06-01,37.4,37.4,-0.07,-122.0
2010,2024-05-03,186.0,2024-12-24 15:19:08.571428572,7.7,eb3_ahead,eb3_ahead: pending adjusted 215->186,2024-06-01,6.8,6.8,-0.79,-122.0
2011,2024-05-03,451.0,2024-07-20 12:35:26.117647058,2.6,eb3_ahead,eb3_ahead: pending adjusted 522->451,2024-06-01,1.6,1.6,-5.75,-122.0
2012,2024-05-03,1473.8777777777777,,,eb3_ahead,queue not shrinking,2024-06-01,,,,
2005,2024-06-03,47.11666666666667,,,eb3_ahead,queue not shrinking,2024-07-01,,,,
2006,2024-06-03,51.0,2027-01-04 18:14:24.000000000,31.1,eb3_ahead,eb3_ahead: pending adjusted 60->51,2024-07-01,30.1,30.1,-0.05,-129.0
2007,2024-06-03,64.25,,,eb3_ahead,queue not shrinking,2024-07-01,,,,
2008,2024-06-03,68.53333333333333,,,eb3_ahead,queue not shrinking,2024-07-01,,,,
2009,2024-06-03,85.66666666666667,,,eb3_ahead,queue not shrinking,2024-07-01,,,,
2010,2024-06-03,187.0,2025-08-06 12:47:02.400000000,14.1,eb3_ahead,eb3_ahead: pending adjusted 218->187,2024-07-01,13.2,13.2,-0.43,-129.0
2011,2024-06-03,498.0,2024-11-25 10:37:29.931034484,5.8,eb3_ahead,eb3_ahead: pending adjusted 581->498,2024-07-01,4.8,4.8,-2.84,-129.0
2012,2024-06-03,1536.8600000000001,,,eb3_ahead,queue not shrinking,2024-07-01,,,,
2005,2024-07-03,53.4,,,eb3_ahead,queue not shrinking,2024-08-01,,,,
2006,2024-07-03,53.0,2027-03-01 21:07:12.000000000,31.9,eb3_ahead,eb3_ahead: pending adjusted 60->53,2024-08-01,30.9,30.9,-0.05,-99.0
2007,2024-07-03,62.300000000000004,,,eb3_ahead,queue not shrinking,2024-08-01,,,,
2008,2024-07-03,62.0,2027-08-10 20:38:24.000000016,37.2,eb3_ahead,eb3_ahead: pending adjusted 70->62,2024-08-01,36.3,36.3,-0.05,-99.0
2009,2024-07-03,85.0,2028-09-18 19:26:24.000000016,50.6,eb3_ahead,eb3_ahead: pending adjusted 95->85,2024-08-01,49.6,49.6,-0.05,-99.0
2010,2024-07-03,213.0,2026-11-29 20:18:06.545454544,28.9,eb3_ahead,eb3_ahead: pending adjusted 239->213,2024-08-01,27.9,27.9,-0.24,-99.0
2011,2024-07-03,519.0,2025-03-28 06:42:18.000000000,8.8,eb3_ahead,eb3_ahead: pending adjusted 583->519,2024-08-01,7.9,7.9,-1.93,-99.0
2012,2024-07-03,2200.08,,,eb3_ahead,queue not shrinking,2024-08-01,,,,
2005,2024-08-03,53.4,,,eb3_ahead,queue not shrinking,2024-09-01,,,,
2006,2024-08-03,53.4,,,eb3_ahead,queue not shrinking,2024-09-01,,,,
2007,2024-08-03,58.0,2027-07-03 10:33:36.000000000,35.0,eb3_ahead,eb3_ahead: pending adjusted 65->58,2024-09-01,34.0,34.0,-0.05,-99.0
2008,2024-08-03,57.85,,,eb3_ahead,queue not shrinking,2024-09-01,,,,
2009,2024-08-03,76.0,2026-06-29 23:31:12.000000000,22.9,eb3_ahead,eb3_ahead: pending adjusted 85->76,2024-09-01,21.9,21.9,-0.11,-99.0
2010,2024-08-03,185.0,2031-04-02 00:08:13.714285696,79.9,eb3_ahead,eb3_ahead: pending adjusted 208->185,2024-09-01,79.0,79.0,-0.08,-99.0
2011,2024-08-03,443.0,2029-03-29 00:14:24.000000032,55.8,eb3_ahead,eb3_ahead: pending adjusted 498->443,2024-09-01,54.9,54.9,-0.26,-99.0
2012,2024-08-03,2253.48,,,eb3_ahead,queue not shrinking,2024-09-01,,,,
2005,2024-09-03,53.4,,,eb3_ahead,queue not shrinking,2024-10-01,,,,
2006,2024-09-03,49.0,2027-02-20 16:19:12.000000000,29.6,eb3_ahead,eb3_ahead: pending adjusted 55->49,2024-10-01,28.6,28.6,-0.05,-99.0
2007,2024-09-03,58.0,2026-02-17 05:16:48.000000000,17.5,eb3_ahead,eb3_ahead: pending adjusted 65->58,2024-10-01,16.6,16.6,-0.11,-99.0
2008,2024-09-03,58.0,2025-08-23 19:31:12.000000000,11.7,eb3_ahead,eb3_ahead: pending adjusted 65->58,2024-10-01,10.7,10.7,-0.16,-99.0
2009,2024-09-03,67.0,2025-05-06 15:21:36.000000004,8.1,eb3_ahead,eb3_ahead: pending adjusted 75->67,2024-10-01,7.1,7.1,-0.27,-99.0
2010,2024-09-03,166.0,2025-12-22 22:15:36.000000000,15.6,eb3_ahead,eb3_ahead: pending adjusted 186->166,2024-10-01,14.7,14.7,-0.35,-99.0
2011,2024-09-03,379.0,2025-04-16 00:54:37.625806452,7.4,eb3_ahead,eb3_ahead: pending adjusted 426->379,2024-10-01,6.5,6.5,-1.68,-99.0
2012,2024-09-03,1699.9,,,eb3_ahead,queue not shrinking,2024-10-01,,,,
2005,2024-10-03,52.73333333333333,,,eb3_ahead,queue not shrinking,2024-11-01,,,,
2006,2024-10-03,48.0,2027-03-11 10:27:11.999999984,29.2,eb3_ahead,eb3_ahead: pending adjusted 55->48,2024-11-01,28.3,28.3,-0.05,-109.0
2007,2024-10-03,53.0,2026-01-31 03:31:12.000000000,15.9,eb3_ahead,eb3_ahead: pending adjusted 60->53,2024-11-01,15.0,15.0,-0.11,-109.0
2008,2024-10-03,61.52222222222222,,,eb3_ahead,queue not shrinking,2024-11-01,,,,
2009,2024-10-03,70.0,2025-12-08 05:47:43.999999992,14.2,eb3_ahead,eb3_ahead: pending adjusted 80->70,2024-11-01,13.2,13.2,-0.16,-109.0
2010,2024-10-03,158.0,2025-06-06 16:26:02.033898304,8.1,eb3_ahead,eb3_ahead: pending adjusted 180->158,2024-11-01,7.1,7.1,-0.64,-109.0
2011,2024-10-03,384.0,2025-06-02 00:28:05.917808216,8.0,eb3_ahead,eb3_ahead: pending adjusted 437->384,2024-11-01,7.0,7.0,-1.59,-109.0
2012,2024-10-03,1528.0,2025-04-12 19:55:45.658935878,6.3,eb3_ahead,eb3_ahead: pending adjusted 1739->1528,2024-11-01,5.3,5.3,-7.97,-109.0
2005,2024-11-03,52.73333333333333,,,eb3_ahead,queue not shrinking,2024-12-01,,,,
2006,2024-11-03,48.0,2027-04-11 10:27:11.999999984,29.2,eb3_ahead,eb3_ahead: pending adjusted 55->48,2024-12-01,28.3,28.3,-0.05,-109.0
2007,2024-11-03,61.52222222222222,,,eb3_ahead,queue not shrinking,2024-12-01,,,,
2008,2024-11-03,61.52222222222222,,,eb3_ahead,queue not shrinking,2024-12-01,,,,
2009,2024-11-03,70.0,2028-05-19 17:23:12.000000000,42.5,eb3_ahead,eb3_ahead: pending adjusted 80->70,2024-12-01,41.6,41.6,-0.05,-109.0
2010,2024-11-03,145.0,2025-09-09 06:26:13.953488368,10.2,eb3_ahead,eb3_ahead: pending adjusted 165->145,2024-12-01,9.3,9.3,-0.47,-109.0
2011,2024-11-03,343.0,2025-08-21 23:40:26.666666660,9.6,eb3_ahead,eb3_ahead: pending adjusted 390->343,2024-12-01,8.6,8.6,-1.17,-109.0
2012,2024-11-03,1391.0,2025-03-17 21:02:15.401475234,4.4,eb3_ahead,eb3_ahead: pending adjusted 1583->1391,2024-12-01,3.5,3.5,-10.32,-109.0
2005,2024-12-03,53.4,,,eb3_ahead,queue not shrinking,2025-01-01,,,,
2006,2024-12-03,48.95,,,eb3_ahead,queue not shrinking,2025-01-01,,,,
2007,2024-12-03,53.0,2027-08-01 21:07:12.000000000,31.9,eb3_ahead,eb3_ahead: pending adjusted 60->53,2025-01-01,30.9,30.9,-0.05,-99.0
2008,2024-12-03,57.85,,,eb3_ahead,queue not shrinking,2025-01-01,,,,
2009,2024-12-03,66.75,,,eb3_ahead,queue not shrinking,2025-01-01,,,,
2010,2024-12-03,146.0,2026-07-29 17:50:50.181818176,19.8,eb3_ahead,eb3_ahead: pending adjusted 164->146,2025-01-01,18.9,18.9,-0.24,-99.0
2011,2024-12-03,321.0,2026-02-25 19:20:38.400000008,14.8,eb3_ahead,eb3_ahead: pending adjusted 361->321,2025-01-01,13.8,13.8,-0.71,-99.0
2012,2024-12-03,1526.0,2026-11-15 07:07:12.000000008,23.4,eb3_ahead,eb3_ahead: pending adjusted 1715->1526,2025-01-01,22.4,22.4,-2.14,-99.0
2005,2025-01-03,51.0,2027-08-04 09:48:48.000000000,31.0,eb3_ahead,eb3_ahead: pending adjusted 55->51,2025-02-01,30.0,30.0,-0.05,-61.0
2006,2025-01-03,55.93333333333333,,,eb3_ahead,queue not shrinking,2025-02-01,,,,
2007,2025-01-03,51.0,2027-08-04 09:48:48.000000000,31.0,eb3_ahead,eb3_ahead: pending adjusted 55->51,2025-02-01,30.0,30.0,-0.05,-61.0
2008,2025-01-03,56.0,2026-06-01 14:04:48.000000008,16.9,eb3_ahead,eb3_ahead: pending adjusted 60->56,2025-02-01,15.9,15.9,-0.11,-61.0
2009,2025-01-03,74.57777777777777,,,eb3_ahead,queue not shrinking,2025-02-01,,,,
2010,2025-01-03,127.0,2025-09-25 02:09:44.727272724,8.7,eb3_ahead,eb3_ahead: pending adjusted 136->127,2025-02-01,7.8,7.8,-0.48,-61.0
2011,2025-01-03,351.0,2026-06-15 15:30:49.967213112,17.4,eb3_ahead,eb3_ahead: pending adjusted 376->351,2025-02-01,16.4,16.4,-0.66,-61.0
2012,2025-01-03,2529.1188888888887,,,eb3_ahead,queue not shrinking,2025-02-01,,,,
2005,2025-02-03,47.0,2026-04-07 19:44:00.000000000,14.1,eb3_ahead,eb3_ahead: pending adjusted 50->47,2025-03-01,13.2,13.2,-0.11,-61.0
2006,2025-02-03,55.93333333333333,,,eb3_ahead,queue not shrinking,2025-03-01,,,,
2007,2025-02-03,56.0,2026-07-02 14:04:48.000000008,16.9,eb3_ahead,eb3_ahead: pending adjusted 60->56,2025-03-01,16.0,16.0,-0.11,-61.0
2008,2025-02-03,65.25555555555555,,,eb3_ahead,queue not shrinking,2025-03-01,,,,
2009,2025-02-03,70.0,2028-08-12 11:11:59.999999984,42.3,eb3_ahead,eb3_ahead: pending adjusted 75->70,2025-03-01,41.4,41.4,-0.05,-61.0
2010,2025-02-03,129.0,2026-04-17 08:26:18.666666656,14.4,eb3_ahead,eb3_ahead: pending adjusted 138->129,2025-03-01,13.5,13.5,-0.29,-61.0
2011,2025-02-03,318.0,2026-09-22 20:24:45.061224488,19.6,eb3_ahead,eb3_ahead: pending adjusted 341->318,2025-03-01,18.7,18.7,-0.53,-61.0
2012,2025-02-03,2707.173333333333,,,eb3_ahead,queue not shrinking,2025-03-01,,,,
2005,2025-03-03,47.0,2026-04-26 00:00:00.000000008,13.8,eb3_ahead,eb3_ahead: pending adjusted 50->47,2025-04-01,12.8,12.8,-0.11,-62.0
2006,2025-03-03,55.86666666666667,,,eb3_ahead,queue not shrinking,2025-04-01,,,,
2007,2025-03-03,51.0,2027-09-10 19:11:59.999999984,30.3,eb3_ahead,eb3_ahead: pending adjusted 55->51,2025-04-01,29.3,29.3,-0.06,-62.0
2008,2025-03-03,69.83333333333333,,,eb3_ahead,queue not shrinking,2025-04-01,,,,
2009,2025-03-03,56.0,2026-02-01 04:48:00.000000004,11.0,eb3_ahead,eb3_ahead: pending adjusted 60->56,2025-04-01,10.1,10.1,-0.17,-62.0
2010,2025-03-03,121.0,2026-01-17 09:52:56.470588236,10.5,eb3_ahead,eb3_ahead: pending adjusted 130->121,2025-04-01,9.6,9.6,-0.38,-62.0
2011,2025-03-03,272.0,2026-02-20 15:09:54.782608688,11.7,eb3_ahead,eb3_ahead: pending adjusted 292->272,2025-04-01,10.7,10.7,-0.77,-62.0
2012,2025-03-03,3406.0044444444443,,,eb3_ahead,queue not shrinking,2025-04-01,,,,
2013,2025-03-03,747.0,,,eb3_ahead,insufficient data,2025-04-01,,,,
2005,2025-04-07,45.0,2027-08-01 00:00:00.000000000,27.8,eb3_ahead,eb3_ahead: pending adjusted 50->45,2025-05-01,27.0,27.0,-0.05,-90.0
2006,2025-04-07,50.0,2027-10-24 14:24:00.000000000,30.6,eb3_ahead,eb3_ahead: pending adjusted 55->50,2025-05-01,29.8,29.8,-0.05,-90.0
2007,2025-04-07,49.5,,,eb3_ahead,queue not shrinking,2025-05-01,,,,
2008,2025-04-07,72.0,,,eb3_ahead,queue not shrinking,2025-05-01,,,,
2009,2025-04-07,72.0,,,eb3_ahead,queue not shrinking,2025-05-01,,,,
2010,2025-04-07,121.0,2040-10-13 04:48:00.000000064,186.2,eb3_ahead,eb3_ahead: pending adjusted 134->121,2025-05-01,185.4,185.4,-0.02,-90.0
2011,2025-04-07,236.0,2025-10-18 10:21:28.421052630,6.4,eb3_ahead,eb3_ahead: pending adjusted 262->236,2025-05-01,5.6,5.6,-1.21,-90.0
2012,2025-04-07,3316.5,,,eb3_ahead,queue not shrinking,2025-05-01,,,,
2013,2025-04-07,1690.0,,,eb3_ahead,insufficient data,2025-05-01,,,,
2005,2025-05-05,35.0,2026-03-22 22:30:24.000000000,10.6,eb3_ahead,eb3_ahead: pending adjusted 40->35,2025-06-01,9.7,9.7,-0.11,-104.0
2006,2025-05-05,31.0,2025-08-25 16:16:38.400000000,3.7,eb3_ahead,eb3_ahead: pending adjusted 35->31,2025-06-01,2.8,2.8,-0.27,-104.0
2007,2025-05-05,53.06666666666667,,,eb3_ahead,queue not shrinking,2025-06-01,,,,
2008,2025-05-05,57.0,2028-03-16 07:08:48.000000000,34.4,eb3_ahead,eb3_ahead: pending adjusted 65->57,2025-06-01,33.5,33.5,-0.05,-104.0
2009,2025-05-05,66.33333333333334,,,eb3_ahead,queue not shrinking,2025-06-01,,,,
2010,2025-05-05,117.0,2030-03-10 15:47:12.000000000,58.2,eb3_ahead,eb3_ahead: pending adjusted 132->117,2025-06-01,57.3,57.3,-0.07,-104.0
2011,2025-05-05,226.0,2025-12-29 15:29:51.627906976,7.8,eb3_ahead,eb3_ahead: pending adjusted 255->226,2025-06-01,6.9,6.9,-0.95,-104.0
2012,2025-05-05,2287.0,2027-02-18 12:08:01.811320752,21.5,eb3_ahead,eb3_ahead: pending adjusted 2586->2287,2025-06-01,20.6,20.6,-3.49,-104.0
2013,2025-05-05,1682.0,,,eb3_ahead,insufficient data,2025-06-01,,,,
2005,2025-08-05,42.166666666666664,,,eb3_ahead,queue not shrinking,2025-09-01,,,,
2006,2025-08-05,63.24999999999999,,,eb3_ahead,queue not shrinking,2025-09-01,,,,
2007,2025-08-05,63.24999999999999,,,eb3_ahead,queue not shrinking,2025-09-01,,,,
2008,2025-08-05,51.0,2027-01-09 20:48:00.000000000,17.2,eb3_ahead,eb3_ahead: pending adjusted 60->51,2025-09-01,16.3,16.3,-0.1,-141.0
2009,2025-08-05,50.599999999999994,,,eb3_ahead,queue not shrinking,2025-09-01,,,,
2010,2025-08-05,107.0,2040-09-28 16:07:59.999999872,181.8,eb3_ahead,eb3_ahead: pending adjusted 127->107,2025-09-01,180.9,180.9,-0.02,-141.0
2011,2025-08-05,192.0,2026-11-13 16:16:29.999999992,15.3,eb3_ahead,eb3_ahead: pending adjusted 228->192,2025-09-01,14.4,14.4,-0.41,-141.0
2012,2025-08-05,841.0,2025-09-22 23:25:06.290868094,2.4,eb3_ahead,eb3_ahead: pending adjusted 997->841 | supply-floor applied,2025-09-01,0.7,0.7,-17.17,-141.0
2013,2025-08-05,1327.4066666666665,,,eb3_ahead,queue not shrinking,2025-09-01,,,,
2005,2025-09-03,42.166666666666664,,,eb3_ahead,queue not shrinking,2025-10-01,,,,
2006,2025-09-03,59.03333333333333,,,eb3_ahead,queue not shrinking,2025-10-01,,,,
2007,2025-09-03,50.599999999999994,,,eb3_ahead,queue not shrinking,2025-10-01,,,,
2008,2025-09-03,55.0,2027-03-01 12:17:36.000000008,17.9,eb3_ahead,eb3_ahead: pending adjusted 65->55,2025-10-01,17.0,17.0,-0.1,-141.0
2009,2025-09-03,51.0,2026-09-14 23:16:47.999999996,12.4,eb3_ahead,eb3_ahead: pending adjusted 60->51,2025-10-01,11.4,11.4,-0.13,-141.0
2010,2025-09-03,103.0,2029-03-03 12:13:36.000000000,42.0,eb3_ahead,eb3_ahead: pending adjusted 122->103,2025-10-01,41.0,41.0,-0.08,-141.0
2011,2025-09-03,151.0,2026-05-31 23:52:04.626506028,8.9,eb3_ahead,eb3_ahead: pending adjusted 179->151,2025-10-01,8.0,8.0,-0.56,-141.0
2012,2025-09-03,687.0,2025-10-08 16:23:30.397212542,2.0,eb3_ahead,eb3_ahead: pending adjusted 815->687 | supply-floor applied,2025-10-01,0.2,0.2,-19.26,-141.0
2013,2025-09-03,956.0,2026-05-17 06:50:55.079136688,8.4,eb3_ahead,eb3_ahead: pending adjusted 1134->956,2025-10-01,7.5,7.5,-3.73,-141.0
2005,2025-10-02,42.05555555555556,,,eb3_ahead,queue not shrinking,2025-11-01,,,,
2006,2025-10-02,63.083333333333336,,,eb3_ahead,queue not shrinking,2025-11-01,,,,
2007,2025-10-02,50.46666666666667,,,eb3_ahead,queue not shrinking,2025-11-01,,,,
2008,2025-10-02,54.672222222222224,,,eb3_ahead,queue not shrinking,2025-11-01,,,,
2009,2025-10-02,59.0,2030-08-03 08:00:00.000000000,58.0,eb3_ahead,eb3_ahead: pending adjusted 70->59,2025-11-01,57.0,57.0,-0.03,-143.0
2010,2025-10-02,93.0,2027-06-24 20:00:00.000000000,20.7,eb3_ahead,eb3_ahead: pending adjusted 110->93,2025-11-01,19.7,19.7,-0.15,-143.0
2011,2025-10-02,171.0,2027-02-06 12:50:46.153846152,16.2,eb3_ahead,eb3_ahead: pending adjusted 203->171,2025-11-01,15.2,15.2,-0.35,-143.0
2012,2025-10-02,662.0,2025-11-26 04:38:41.289605335,1.9,eb3_ahead,eb3_ahead: pending adjusted 787->662 | supply-floor applied,2025-11-01,0.8,0.8,-11.99,-143.0
2013,2025-10-02,3341.7344444444448,,,eb3_ahead,queue not shrinking,2025-11-01,,,,
2005,2025-11-03,42.05555555555556,,,eb3_ahead,queue not shrinking,2025-12-01,,,,
2006,2025-11-03,63.083333333333336,,,eb3_ahead,queue not shrinking,2025-12-01,,,,
2007,2025-11-03,55.0,2027-03-10 01:12:00.000000000,16.2,eb3_ahead,eb3_ahead: pending adjusted 65->55,2025-12-01,15.2,15.2,-0.11,-143.0
2008,2025-11-03,54.672222222222224,,,eb3_ahead,queue not shrinking,2025-12-01,,,,
2009,2025-11-03,54.672222222222224,,,eb3_ahead,queue not shrinking,2025-12-01,,,,
2010,2025-11-03,99.0,2028-07-22 12:16:00.000000000,32.6,eb3_ahead,eb3_ahead: pending adjusted 118->99,2025-12-01,31.7,31.7,-0.1,-143.0
2011,2025-11-03,165.0,2027-02-09 15:54:00.000000008,15.2,eb3_ahead,eb3_ahead: pending adjusted 196->165,2025-12-01,14.3,14.3,-0.36,-143.0
2012,2025-11-03,558.0,2026-04-02 22:41:17.837837842,5.0,eb3_ahead,eb3_ahead: pending adjusted 664->558,2025-12-01,4.0,4.0,-3.7,-143.0
2013,2025-11-03,2927.907777777778,,,eb3_ahead,queue not shrinking,2025-12-01,,,,
2005,2025-12-03,42.77777777777778,,,eb3_ahead,queue not shrinking,2026-01-01,,,,
2006,2025-12-03,68.44444444444446,,,eb3_ahead,queue not shrinking,2026-01-01,,,,
2007,2025-12-03,55.611111111111114,,,eb3_ahead,queue not shrinking,2026-01-01,,,,
2008,2025-12-03,55.611111111111114,,,eb3_ahead,queue not shrinking,2026-01-01,,,,
2009,2025-12-03,55.611111111111114,,,eb3_ahead,queue not shrinking,2026-01-01,,,,
2010,2025-12-03,93.0,2027-09-16 18:56:00.000000008,21.4,eb3_ahead,eb3_ahead: pending adjusted 109->93,2026-01-01,20.5,20.5,-0.14,-130.0
2011,2025-12-03,180.52222222222224,,,eb3_ahead,queue not shrinking,2026-01-01,,,,
2012,2025-12-03,560.0,2026-10-15 06:11:28.695652180,10.4,eb3_ahead,eb3_ahead: pending adjusted 654->560,2026-01-01,9.4,9.4,-1.77,-130.0
2013,2025-12-03,3869.677777777778,,,eb3_ahead,queue not shrinking,2026-01-01,,,,
2005,2026-01-02,43.166666666666664,,,eb3_ahead,queue not shrinking,2026-02-01,,,,
2006,2026-01-02,69.06666666666666,,,eb3_ahead,queue not shrinking,2026-02-01,,,,
2007,2026-01-02,60.43333333333333,,,eb3_ahead,queue not shrinking,2026-02-01,,,,
2008,2026-01-02,60.43333333333333,,,eb3_ahead,queue not shrinking,2026-02-01,,,,
2009,2026-01-02,60.43333333333333,,,eb3_ahead,queue not shrinking,2026-02-01,,,,
2010,2026-01-02,94.0,2049-09-15 12:09:35.999999872,284.4,eb3_ahead,eb3_ahead: pending adjusted 109->94,2026-02-01,283.4,283.4,-0.01,-123.0
2011,2026-01-02,175.25666666666666,,,eb3_ahead,queue not shrinking,2026-02-01,,,,
2012,2026-01-02,526.0,2026-09-30 17:54:39.640449436,8.9,eb3_ahead,eb3_ahead: pending adjusted 609->526,2026-02-01,7.9,7.9,-1.93,-123.0
2013,2026-01-02,5379.429999999999,,,eb3_ahead,queue not shrinking,2026-02-01,,,,
2005,2026-02-03,43.166666666666664,,,eb3_ahead,queue not shrinking,2026-03-01,,,,
2006,2026-02-03,69.06666666666666,,,eb3_ahead,queue not shrinking,2026-03-01,,,,
2007,2026-02-03,60.43333333333333,,,eb3_ahead,queue not shrinking,2026-03-01,,,,
2008,2026-02-03,64.75,,,eb3_ahead,queue not shrinking,2026-03-01,,,,
2009,2026-02-03,60.43333333333333,,,eb3_ahead,queue not shrinking,2026-03-01,,,,
2010,2026-02-03,86.0,2027-04-20 06:13:20.000000000,14.5,eb3_ahead,eb3_ahead: pending adjusted 100->86,2026-03-01,13.6,13.6,-0.2,-123.0
2011,2026-02-03,169.2133333333333,,,eb3_ahead,queue not shrinking,2026-03-01,,,,
2012,2026-02-03,498.0,2027-07-14 18:32:03.310344832,17.3,eb3_ahead,eb3_ahead: pending adjusted 577->498,2026-03-01,16.4,16.4,-0.95,-123.0
2013,2026-02-03,4560.99,,,eb3_ahead,queue not shrinking,2026-03-01,,,,
2014,2026-02-03,0.0,,,eb3_ahead,insufficient data,2026-04-01,,,,
2005,2026-03-03,46.61111111111111,,,eb3_ahead,queue not shrinking,2026-04-01,,,,
2006,2026-03-03,74.57777777777777,,,eb3_ahead,queue not shrinking,2026-04-01,,,,
2007,2026-03-03,69.91666666666666,,,eb3_ahead,queue not shrinking,2026-04-01,,,,
2008,2026-03-03,69.91666666666666,,,eb3_ahead,queue not shrinking,2026-04-01,,,,
2009,2026-03-03,65.25555555555555,,,eb3_ahead,queue not shrinking,2026-04-01,,,,
2010,2026-03-03,93.0,2028-09-20 05:19:59.999999984,30.6,eb3_ahead,eb3_ahead: pending adjusted 100->93,2026-04-01,29.7,29.7,-0.1,-61.0
2011,2026-03-03,167.0,2027-06-15 07:34:29.999999992,15.4,eb3_ahead,eb3_ahead: pending adjusted 179->167,2026-04-01,14.5,14.5,-0.36,-61.0
2012,2026-03-03,489.0,2027-02-07 10:53:01.395348832,11.2,eb3_ahead,eb3_ahead: pending adjusted 525->489,2026-04-01,10.2,10.2,-1.43,-61.0
2013,2026-03-03,5721.047777777778,,,eb3_ahead,queue not shrinking,2026-04-01,,,,
2014,2026-03-03,0.0,,,eb3_ahead,insufficient data,2026-04-01,,,,
2006,2026-04-03,70.0,2026-04-14 09:40:00.428112736,0.4,eb2_ahead,eb2_ahead: using supply-floor rate -6.14/day,2026-05-01,-0.6,0.6,-6.14,242.0
2007,2026-04-03,75.0,2026-04-15 05:12:51.887263646,0.4,eb2_ahead,eb2_ahead: using supply-floor rate -6.14/day,2026-05-01,-0.5,0.5,-6.14,242.0
2008,2026-04-03,70.0,2026-04-14 09:40:00.428112736,0.4,eb2_ahead,eb2_ahead: using supply-floor rate -6.14/day,2026-05-01,-0.6,0.6,-6.14,242.0
2009,2026-04-03,55.0,2026-04-11 23:01:26.050660007,0.3,eb2_ahead,eb2_ahead: using supply-floor rate -6.14/day,2026-05-01,-0.7,0.7,-6.14,242.0
2010,2026-04-03,94.0,2026-04-18 07:29:43.432037103,0.5,eb2_ahead,eb2_ahead: using supply-floor rate -6.14/day,2026-05-01,-0.4,0.4,-6.14,242.0
2011,2026-04-03,149.0,2026-04-27 06:31:09.482697110,0.8,eb2_ahead,eb2_ahead: using supply-floor rate -6.14/day,2026-05-01,-0.1,0.1,-6.14,242.0
2012,2026-04-03,477.0,2026-06-19 16:50:37.202996789,2.6,eb2_ahead,eb2_ahead: using supply-floor rate -6.14/day,2026-05-01,1.6,1.6,-6.14,242.0
2013,2026-04-03,9434.0,2026-12-27 00:40:27.724008744,26.9,eb2_ahead,eb2_ahead: using supply-floor rate -35.20/day | supply-floor applied,2026-05-01,7.9,7.9,-35.2,242.0
2014,2026-04-03,8467.0,,,eb2_ahead,insufficient data,2026-05-01,,,,
2015,2026-04-03,0.0,,,eb2_ahead,insufficient data,,,,,
